#{"t_start": 1749825858.1344798, "env_id": "None"}
r,l,t
-518.392699,8,1.25382
-159.421345,4,1.25382
-652.308455,9,1.25382
-194.371252,5,1.261761
-250.412552,4,1.265129
-80.085211,8,1.26831
-491.748423,7,1.270384
-195.231658,5,1.271342
-215.785982,4,1.273894
-1177.381413,11,1.276389
-383.506158,6,1.278465
-737.15972,7,1.280557
320.40568,9,1.280557
-741.889005,8,1.28579
307.736332,7,1.303984
-147.95245,5,1.374338
-43.281739,6,1.47117
-646.729011,7,1.573923
-369.529324,6,1.654771
-314.931379,5,1.729578
-54.978205,4,1.786872
-756.202115,8,1.909044
-10.8393,4,1.969522
-532.154976,9,2.096299
-465.059096,5,2.173815
-213.548388,4,2.225938
-294.056187,8,2.339303
-961.762161,9,2.454209
474.860671,9,2.58919
-135.900327,4,2.635358
-283.323359,4,2.69903
450.944101,7,2.794122
-580.824773,8,2.914229
-223.129227,7,3.014344
267.068183,5,3.085148
-245.209071,7,3.174042
-576.116449,8,3.300016
91.315005,8,3.402241
665.524902,9,3.517868
-497.671621,7,3.617408
89.989714,5,3.686459
637.608059,7,3.785378
-276.185802,7,3.88458
-140.474964,5,3.951173
-436.190596,6,4.044924
-131.072868,4,4.08689
-346.426931,5,4.174646
139.36314,4,4.234569
-654.799229,8,4.35223
-379.012952,5,4.424741
-324.213022,5,4.49718
-286.779272,6,4.577555
-328.516542,5,4.659304
-346.834288,6,4.735504
-523.216472,8,4.846696
-80.843092,8,4.953618
-224.241962,4,5.014718
-276.181549,5,5.087282
-242.61124,5,5.157933
-664.387407,8,5.267696
-319.853861,5,5.34206
-239.598897,5,5.41304
-676.053372,7,5.50614
174.994519,4,5.561727
765.100401,10,5.702645
-708.599462,7,5.790774
-554.968195,8,5.930549
-232.88104,6,6.019499
88.597726,4,6.083291
-175.91966,7,6.17717
400.290794,5,6.248989
268.80933,5,6.312714
-282.929307,6,6.401812
180.240093,6,6.485587
37.434089,4,6.538338
-95.077861,6,6.62101
107.83666,4,6.686596
112.617838,4,6.748333
-117.969902,4,6.802126
45.637007,4,6.859808
-242.446129,6,6.941282
37.431373,4,7.005813
-251.723492,6,7.101216
66.7487,4,7.16789
26.05554,4,7.232732
134.518374,4,7.290313
133.804182,4,7.353972
-71.204229,4,7.421623
-16.016812,4,7.486968
194.910066,4,7.547393
79.715544,4,7.60391
-5.382104,4,7.657724
26.558047,4,7.711326
-42.068396,4,7.773475
32.259474,4,7.827422
7.153557,4,7.888271
-43.690007,4,7.953215
90.146825,4,8.022672
-20.570299,4,8.083504
-46.31826,4,8.138415
4.614822,4,8.187179
-8.621894,4,8.258047
96.238227,4,8.311767
-32.936379,4,8.370474
-56.035522,4,8.418916
17.273914,3,8.469862
105.360974,4,8.537284
123.143396,4,8.598109
123.543106,4,8.653737
134.101879,4,8.721581
102.610811,4,8.785322
128.082802,4,8.846192
129.593652,4,8.903428
123.622022,4,8.953139
180.493333,4,9.020734
26.626419,3,9.052939
37.910863,4,9.120413
61.469771,3,9.170005
70.351355,4,9.219458
31.653305,3,9.252329
16.764305,4,9.319776
39.897708,3,9.371738
24.237997,4,9.431926
47.591343,3,9.469005
71.706542,3,9.520395
12.468725,4,9.586042
30.578361,3,9.618974
32.028085,3,9.668969
127.840089,4,9.736947
42.019809,3,9.786657
-1.697829,4,9.85141
62.175817,3,9.88652
39.327616,3,9.940841
125.638551,4,9.98567
134.670299,4,10.036497
151.380873,4,10.103301
38.95063,4,10.169976
-97.440109,4,10.237555
-31.57734,4,10.298461
81.905554,4,10.354155
78.888287,4,10.403909
88.316894,4,10.471428
43.361041,3,10.502606
39.259298,3,10.55241
-24.723298,4,10.617747
110.996595,4,10.675664
44.077,3,10.720033
60.569502,3,10.772435
-33.343468,4,10.837172
34.400946,3,10.869069
59.431382,3,10.91901
133.295189,4,11.018569
-52.412574,4,11.086762
-24.381636,4,11.139403
142.704448,4,11.195296
57.417746,4,11.251783
167.68737,4,11.303588
77.957805,4,11.353223
39.402755,3,11.403227
14.818077,4,11.453291
72.524243,4,11.521008
20.218838,3,11.56975
130.635131,4,11.638374
105.17696,4,11.691324
50.283747,4,11.754078
129.329579,4,11.816001
20.284791,3,11.853166
92.870267,4,11.915049
-25.713816,4,11.970146
-7.160943,4,12.033463
57.726815,3,12.069699
-47.727534,4,12.131457
92.13792,4,12.187204
165.354798,4,12.25211
21.417233,4,12.302936
30.120821,4,12.358937
149.941673,4,12.418612
17.781026,4,12.477816
50.42966,4,12.534507
116.932247,4,12.594093
33.133591,4,12.65378
83.241912,4,12.71017
-64.505435,4,12.768882
-42.82573,4,12.826865
24.662451,4,12.869929
149.323948,4,12.946578
140.683572,4,13.003234
91.112211,4,13.057971
-24.052039,4,13.103824
1.952616,4,13.178903
-37.35688,4,13.237602
57.94438,4,13.294594
142.225895,4,13.337205
109.485834,4,13.406962
64.391156,3,13.436622
-0.696983,3,13.486711
-17.127744,4,13.558013
-13.448447,4,13.603546
58.334102,4,13.668893
35.531863,3,13.723929
38.088633,3,13.770727
-16.196247,4,13.822287
-32.267472,4,13.889335
-19.796004,4,13.94761
-2.897929,4,14.002994
-7.180443,4,14.053322
-38.456816,4,14.122804
2.384773,4,14.177964
-18.835057,4,14.236941
68.009925,4,14.300556
115.231767,4,14.359105
136.519165,4,14.418669
88.995948,4,14.440528
79.365117,4,14.452415
20.33496,3,14.454434
53.282653,3,14.455437
24.849828,3,14.458138
19.023107,4,14.536768
66.832177,3,14.593066
15.403279,3,14.637337
61.52979,4,14.694529
18.909178,4,14.754242
-7.058941,4,14.803421
130.768673,4,14.87007
3.391765,4,14.931758
20.805439,4,14.987064
44.299695,4,15.056346
140.439801,4,15.114258
66.178179,3,15.156097
139.428189,4,15.219711
-16.15399,4,15.269932
74.169043,4,15.330672
11.614819,4,15.391471
-37.664673,4,15.453239
26.258651,3,15.485981
16.070895,3,15.535922
64.677036,4,15.603395
100.362587,4,15.670078
-25.589971,4,15.724713
46.851587,4,15.77028
26.114201,3,15.820011
32.779672,4,15.887077
150.440769,4,15.951454
-3.870433,4,16.036055
-1.308019,4,16.108044
150.884409,4,16.172939
90.641394,4,16.230706
36.120677,4,16.286639
-7.298359,4,16.346493
-31.09309,4,16.403969
-37.367,4,16.468941
-22.208914,3,16.502568
30.549179,3,16.554259
34.968025,3,16.603889
51.561894,4,16.669938
51.65464,3,16.702656
118.01011,4,16.774127
40.431371,3,16.8207
106.664169,4,16.885559
24.850197,3,16.941313
53.308013,4,17.017327
51.411978,4,17.086718
158.456423,4,17.146699
103.732018,4,17.20626
120.064513,4,17.276036
22.762819,3,17.340518
86.76725,4,17.410037
29.225329,3,17.453421
123.566482,4,17.510063
21.825823,4,17.570367
6.901864,4,17.64394
-55.737418,4,17.709362
18.877978,4,17.777012
63.62414,4,17.859034
64.195454,3,17.91148
37.13354,3,17.962254
25.239371,3,18.005306
20.082085,4,18.070435
54.855455,3,18.122371
148.364247,4,18.184991
-53.862147,4,18.241727
-41.375915,4,18.310291
153.257618,4,18.372084
46.388825,3,18.410725
56.460372,3,18.471984
63.723287,3,18.521409
40.883191,3,18.58744
34.409389,3,18.635402
100.16579,4,18.693498
-5.617258,4,18.753513
76.837399,4,18.820226
82.208517,4,18.884116
8.405647,4,18.946789
41.190425,4,19.003344
-73.719183,4,19.0712
107.955667,4,19.130062
34.28131,4,19.191835
87.577949,4,19.253599
47.176174,3,19.318345
3.738257,4,19.391738
16.945969,4,19.461367
98.285851,4,19.525188
76.176612,4,19.588773
-59.735183,4,19.646852
114.461992,4,19.6868
140.347222,4,19.754112
25.656022,3,19.803545
53.518489,4,19.869081
1.71332,4,19.931147
147.960832,4,19.987246
10.388549,3,20.037056
50.515286,3,20.070055
15.841364,3,20.119496
46.106074,4,20.170676
-69.307178,4,20.246765
4.472216,4,20.318996
4.675577,3,20.374471
-28.200076,4,20.448488
43.491828,3,20.486619
56.720294,4,20.553254
-47.558623,4,20.619589
-5.998948,4,20.686578
52.395331,4,20.742869
46.767024,3,20.791585
73.204917,4,20.850902
37.588829,3,20.892445
26.001917,4,20.953738
94.549489,4,21.023252
26.655313,3,21.053736
132.787893,4,21.120654
-10.291491,4,21.170301
-0.596568,4,21.286157
46.546667,3,21.339552
29.759897,3,21.387603
64.019426,4,21.476177
-42.364208,4,21.54088
-22.273534,4,21.610217
55.434952,3,21.670466
-89.411775,4,21.746746
52.399964,4,21.809469
-12.42955,4,21.872286
2.093633,4,21.931825
30.740227,4,21.993868
14.277884,3,22.040615
84.730583,4,22.096922
74.057065,4,22.158383
-19.862463,4,22.225286
44.75261,4,22.280081
44.226364,4,22.340919
86.691989,4,22.404378
106.083725,4,22.464388
34.682938,3,22.508378
48.97816,4,22.574773
140.350147,4,22.641589
6.937483,4,22.701236
90.117089,4,22.764552
36.051487,3,22.806591
-7.120817,4,22.870268
56.86146,3,22.910983
12.00452,4,22.974245
7.995532,4,23.032266
-20.532791,4,23.093366
74.850988,4,23.156321
-24.447913,4,23.217681
20.171441,4,23.277069
23.173365,4,23.340864
14.124398,3,23.390998
7.668127,3,23.438747
41.158753,4,23.497742
-34.23691,4,23.566316
-40.735638,4,23.626646
-23.268252,4,23.680107
-7.454556,4,23.744971
45.328788,4,23.803571
16.037972,4,23.866451
89.179812,4,23.924346
32.15597,4,23.984303
-52.048846,4,24.047254
25.822333,4,24.112455
38.905984,3,24.153769
80.093045,3,24.194631
37.322813,4,24.265429
77.32987,4,24.329313
63.666595,3,24.370281
14.212977,3,24.42205
-62.614527,4,24.487113
125.370194,4,24.548027
22.210997,3,24.592389
-30.223763,4,24.656734
43.395071,4,24.720249
140.848445,4,24.782427
122.369459,4,24.845041
-48.567476,4,24.904657
-42.125687,4,24.954145
55.622247,4,25.025387
43.824563,4,25.119277
41.982781,4,25.187127
29.911488,3,25.237495
73.600496,3,25.28731
19.392876,3,25.320728
135.694188,4,25.396074
-71.250164,4,25.45461
-29.724961,4,25.526345
88.124689,4,25.580118
32.117945,3,25.620433
42.207728,4,25.688026
-23.569776,4,25.745886
66.350124,4,25.804689
-35.344158,4,25.865573
56.086535,4,25.920671
24.369645,4,25.986834
49.612936,3,26.019691
74.037174,4,26.091869
-6.09119,4,26.153919
52.250831,4,26.214705
1.870565,3,26.253745
129.771151,4,26.316457
50.297916,3,26.359637
26.058353,4,26.420442
53.275168,3,26.470344
80.592511,4,26.525141
81.327732,4,26.587048
38.681551,4,26.648812
-40.714591,4,26.711653
30.430026,4,26.772455
34.990338,3,26.82107
74.549992,4,26.873284
-17.417486,4,26.939495
42.773762,3,26.986018
72.42556,3,27.025616
-38.819686,4,27.087173
43.614209,4,27.151155
130.419679,4,27.209814
-43.462686,4,27.273138
55.016574,4,27.335985
-29.150579,4,27.394153
-9.273391,3,27.439212
64.598907,3,27.487616
74.094528,4,27.553802
71.96575,4,27.615837
51.066564,4,27.674431
23.743288,3,27.721164
-31.14565,4,27.786089
43.556275,3,27.819777
25.977191,4,27.893981
15.441698,3,27.937952
18.709899,3,27.987204
41.701487,3,28.036506
61.315345,4,28.10577
125.597922,4,28.170736
81.267232,3,28.226329
4.350212,4,28.289008
39.591702,4,28.358767
27.212253,3,28.404241
36.692234,3,28.453982
23.612867,3,28.487288
27.760785,4,28.564955
-10.659533,4,28.621021
-21.404,4,28.695611
7.55917,4,28.761679
46.510646,4,28.827497
-42.201391,4,28.887333
11.618441,3,28.936872
114.718804,4,29.003348
-40.684594,4,29.066403
21.497901,4,29.120945
21.812017,4,29.190204
36.512348,4,29.249896
14.769744,3,29.302788
17.225272,4,29.370718
149.710959,4,29.437301
18.925981,4,29.501228
150.242372,4,29.565538
10.010792,4,29.620512
51.618074,4,29.686125
62.743538,4,29.74694
36.681157,3,29.78715
18.377765,3,29.836931
27.264821,4,29.887282
11.235835,4,29.955882
60.658863,4,30.016529
-81.272676,4,30.085884
13.307897,4,30.181304
148.204521,4,30.253196
59.171153,4,30.303635
-22.385671,4,30.334473
27.410221,4,30.338112
-7.85629,4,30.340199
4.324998,4,30.342885
44.527243,3,30.343878
27.854643,4,30.403538
54.792057,3,30.453866
-75.792773,4,30.50363
159.093666,4,30.567773
55.323159,3,30.609747
75.750647,3,30.654327
-29.161523,4,30.72229
57.821912,4,30.7805
23.85156,3,30.822689
-9.611374,4,30.886873
39.257947,3,30.919969
-52.984832,4,31.003897
25.072581,3,31.054582
16.216341,3,31.104142
88.312692,4,31.173505
88.54233,4,31.23531
15.71552,4,31.30399
90.937134,4,31.3756
69.03409,4,31.449193
-3.128644,4,31.508663
64.915244,4,31.576568
58.821379,3,31.62056
-38.818361,4,31.682192
71.037408,4,31.744175
-27.737324,4,31.805938
171.309643,4,31.879676
19.808853,4,31.943102
-0.011613,3,31.987121
-25.38655,4,32.054293
68.286048,4,32.120549
1.574693,4,32.183732
61.055535,3,32.231897
69.884354,3,32.276638
36.15218,4,32.342346
118.771258,4,32.399222
21.384063,4,32.458796
-6.154379,4,32.52083
122.191728,4,32.586238
31.916919,3,32.62067
34.925641,4,32.688105
-1.91918,4,32.750533
59.006147,4,32.808483
104.753776,4,32.867808
8.668429,4,32.929591
37.466424,3,32.976688
207.163934,4,33.040097
47.254749,3,33.085603
14.173252,3,33.121102
43.105435,4,33.18753
50.272849,4,33.255739
54.889546,4,33.313986
-21.628291,4,33.374481
-22.021718,4,33.437699
41.312202,3,33.469915
173.527609,4,33.544058
36.250611,4,33.605029
32.771959,3,33.653746
66.949492,4,33.711452
26.218355,4,33.77467
23.207607,3,33.820655
107.188812,4,33.871199
113.847989,4,33.942181
20.035371,3,33.987462
68.341173,3,34.038091
107.598358,4,34.102957
-38.015707,4,34.156803
63.421933,3,34.205651
-29.377368,4,34.26914
7.775717,3,34.320446
28.596793,3,34.354599
72.60508,4,34.425612
30.191846,3,34.47132
81.090198,4,34.5213
122.561429,4,34.596177
-58.662573,4,34.657813
13.133973,4,34.719365
23.886476,3,34.761001
57.064573,3,34.81118
80.503833,4,34.872665
-54.548134,4,34.936345
-32.889812,4,35.00588
58.176565,4,35.065978
-80.178462,4,35.125614
42.957186,3,35.220732
90.42258,4,35.283566
79.105036,3,35.333354
-3.373037,4,35.391485
-5.315583,4,35.452962
41.383854,4,35.520963
32.062474,3,35.554181
85.881136,4,35.626625
30.28934,4,35.686411
62.692467,3,35.738003
53.932923,4,35.78767
26.739454,3,35.847903
-81.885986,4,35.911869
93.995069,4,35.970976
62.650672,4,36.041484
81.750221,4,36.10307
126.084936,4,36.158856
38.717193,3,36.208068
61.471844,3,36.254378
-6.205564,4,36.311054
140.802244,4,36.387202
-58.554118,4,36.4875
59.098786,3,36.547289
31.978593,3,36.606814
144.347372,4,36.673647
-20.912029,4,36.764213
-23.412104,4,36.860079
23.154686,3,36.915069
30.309072,3,36.975402
13.045601,4,37.0588
94.873163,4,37.122221
80.808569,4,37.195537
50.045478,4,37.26111
-25.386423,4,37.33059
-33.290269,4,37.420719
13.112595,4,37.502858
43.97162,3,37.545437
-72.879243,4,37.615368
15.788962,4,37.68634
15.168571,3,37.738175
92.034063,4,37.800236
64.775479,4,37.865519
-19.016408,4,37.920736
31.114237,4,37.994326
64.100894,4,38.065994
-26.496968,4,38.135941
-12.106582,3,38.180452
101.830901,4,38.242501
84.100575,4,38.300679
18.143085,3,38.342534
-5.603411,4,38.415128
120.056808,4,38.479303
66.727456,4,38.553118
107.107789,4,38.620379
74.373706,4,38.67851
9.49066,4,38.743697
103.7479,4,38.801314
1.095469,4,38.860591
137.716094,4,38.920613
145.862515,4,38.980405
3.232181,4,39.047459
201.966778,4,39.119812
44.149592,4,39.187459
117.788098,4,39.252577
66.940874,4,39.311334
8.701468,4,39.375512
70.071019,4,39.446599
167.397804,4,39.507268
28.51008,3,39.550602
61.496892,4,39.615755
-14.429151,4,39.670946
11.394626,3,39.72375
100.157791,4,39.784573
0.932885,4,39.854372
56.967494,4,39.921915
-37.266511,4,39.970942
59.085576,4,40.034668
141.934364,4,40.104589
9.64095,4,40.163099
41.097349,3,40.20442
154.146763,4,40.272938
15.384142,4,40.337478
84.317772,4,40.398673
103.179132,4,40.457097
155.944703,4,40.513193
55.606967,3,40.559345
49.754314,4,40.621587
33.588523,4,40.735705
49.21601,4,40.808398
-8.19551,4,40.871041
-38.148627,4,40.938565
-41.064466,4,41.011352
37.557935,3,41.063976
26.756526,3,41.110183
-26.380959,4,41.171208
-14.748788,4,41.236933
183.34682,4,41.304275
-10.869105,4,41.37096
70.743426,3,41.423851
95.693495,4,41.490663
-35.348126,4,41.559389
62.676924,4,41.621037
58.909519,3,41.673793
99.052455,4,41.734989
103.047003,4,41.795437
-0.34873,4,41.854432
-10.701603,4,41.931083
76.202722,4,41.991343
112.928877,4,42.053741
153.590171,4,42.104955
18.967568,3,42.154553
58.101202,3,42.203598
123.947967,4,42.272419
54.651812,4,42.321541
78.978388,3,42.371164
-71.036045,4,42.437933
-88.309821,4,42.508249
182.125822,4,42.571126
-49.694721,4,42.63884
-56.66121,4,42.698438
98.602409,4,42.756521
17.266981,4,42.82019
-1.080063,4,42.871774
207.452042,4,42.938209
122.824971,4,43.009356
111.488459,4,43.071094
-37.597577,4,43.136277
2.68307,4,43.203338
36.297245,3,43.240458
94.938685,4,43.30551
12.005749,4,43.379938
114.141469,4,43.440467
-17.907282,4,43.500768
-13.118907,4,43.565053
100.645882,4,43.632128
112.081149,4,43.694572
-4.192414,4,43.757488
-39.125687,4,43.810858
99.146329,4,43.878048
-36.570673,4,43.937815
-14.339852,4,43.997464
32.539357,4,44.065885
41.407344,4,44.126143
-30.850545,4,44.186182
-64.409009,4,44.24382
4.010377,4,44.310816
-76.863355,4,44.373113
-79.99541,4,44.425942
53.945853,3,44.477658
17.016511,4,44.53787
148.403303,4,44.606543
-74.896205,4,44.662189
-12.736178,4,44.719624
-44.432971,4,44.787754
131.938057,4,44.851508
63.815861,3,44.887807
29.51634,4,44.952618
150.439533,4,45.019806
85.01188,4,45.077157
30.886211,4,45.136773
138.446272,4,45.193531
71.434913,3,45.238004
186.964454,4,45.30153
133.287091,4,45.362224
61.511714,3,45.404517
47.761272,3,45.454977
68.582412,4,45.529256
34.562805,3,45.576768
62.280311,4,45.638825
-44.58074,4,45.704432
64.7367,3,45.737832
32.111508,3,45.793659
50.717094,4,45.85621
37.026394,4,45.919835
61.210063,4,46.018756
-80.22435,4,46.084877
43.928033,4,46.143562
58.035576,4,46.210541
69.942331,4,46.277274
156.407021,4,46.344718
43.212731,3,46.396496
-26.071125,4,46.472218
71.406899,4,46.503761
33.501025,3,46.503761
79.723648,4,46.503761
19.302726,4,46.503761
11.007007,4,46.515669
104.422703,4,46.570639
-76.901441,4,46.63872
-49.882809,4,46.707417
63.586668,4,46.786757
28.103527,4,46.850572
-23.118224,4,46.909254
17.351054,4,46.973009
91.019575,4,47.021145
38.636295,4,47.101736
54.41526,4,47.17406
10.27327,4,47.238718
168.387201,4,47.304515
50.269774,3,47.338007
42.175771,3,47.387245
-38.714202,4,47.454557
72.509309,3,47.493598
121.166502,4,47.562718
5.116047,4,47.623105
164.238168,4,47.693695
-56.121549,4,47.75457
171.198003,4,47.828512
78.599373,3,47.871085
-46.373312,4,47.931936
44.842359,4,47.988621
26.956263,4,48.062663
44.254548,3,48.106155
143.367865,4,48.168696
68.412418,4,48.236573
-48.111608,4,48.297735
5.163765,4,48.360577
11.040776,4,48.427156
77.546606,3,48.487831
38.696663,4,48.548677
-7.329054,4,48.613438
68.775773,3,48.66726
-7.171574,4,48.738085
67.924228,4,48.814471
97.478256,4,48.877326
-50.353826,4,48.93685
63.124424,3,48.97778
-55.232207,4,49.054506
62.367828,4,49.12024
54.890695,3,49.154598
19.646312,3,49.209749
-32.751719,4,49.275378
107.303634,4,49.329119
65.563627,4,49.38206
60.309252,4,49.454695
61.607444,3,49.487934
21.445856,4,49.56628
77.229747,4,49.643026
26.84095,3,49.688337
55.294324,4,49.759422
102.806449,4,49.822135
143.659082,4,49.877933
113.977811,4,49.938235
111.435913,4,50.001676
33.776941,4,50.064764
42.208273,4,50.127815
79.907362,4,50.188488
-24.603741,4,50.254751
75.612058,3,50.321925
31.4437,3,50.353995
-7.260182,4,50.421806
-4.51473,4,50.487045
142.77717,4,50.547062
-24.6805,4,50.609902
-27.134704,4,50.672088
-95.659573,4,50.729097
106.7217,4,50.793635
68.2806,4,50.855612
132.005204,4,50.918257
56.999233,3,51.009514
55.618839,4,51.075357
-46.230223,4,51.131061
77.305529,4,51.194653
93.563941,4,51.258831
-18.102146,4,51.32008
8.935805,4,51.381066
23.979956,4,51.442387
46.106499,3,51.487082
9.793667,4,51.547906
76.797996,4,51.609682
2.378699,4,51.671288
141.15244,4,51.736517
77.822136,4,51.796907
40.246851,4,51.852754
55.184117,3,51.904529
32.910304,4,51.960515
-32.157431,4,52.024235
-68.652087,4,52.086946
11.340896,4,52.142628
-5.129063,3,52.19592
60.17782,4,52.259562
66.039891,4,52.316778
10.065446,4,52.387847
39.283558,3,52.430247
-76.241136,4,52.494122
-59.617538,4,52.555666
65.525631,4,52.62137
-4.671365,4,52.680079
8.80858,4,52.739102
99.802419,4,52.802323
-60.111801,4,52.855122
41.866969,4,52.922437
6.742763,4,52.975157
-47.527837,4,53.033403
34.637502,3,53.076911
27.43687,3,53.121536
-45.549605,4,53.190988
74.496402,4,53.254707
116.076198,4,53.321224
5.540982,3,53.354846
78.801899,4,53.429502
4.14854,4,53.486101
34.332981,3,53.52719
6.693809,4,53.591297
116.666544,4,53.660817
-5.973633,4,53.721362
59.763983,4,53.7869
21.835052,3,53.821282
107.447731,4,53.890152
66.334346,3,53.93882
87.005447,4,54.004539
217.207588,4,54.064487
-5.292593,3,54.104875
51.02383,4,54.178533
-41.164972,4,54.238577
99.73795,4,54.312901
-42.167184,4,54.368492
-33.590393,4,54.421124
31.470272,3,54.470223
119.431546,4,54.533249
19.095656,3,54.571738
15.579385,4,54.644926
-15.750547,4,54.704772
70.967771,4,54.767913
-39.465217,4,54.825597
64.840828,3,54.874388
76.863766,3,54.922481
-19.572916,4,54.989229
5.469044,3,55.036322
-7.403631,4,55.094005
56.227373,3,55.141021
-26.568476,4,55.211423
-3.380811,4,55.267902
25.160172,3,55.315816
-21.162662,4,55.380741
56.849447,4,55.44306
67.508735,4,55.502912
11.042041,3,55.538462
64.180704,4,55.605016
17.033069,4,55.671748
188.568425,4,55.741191
-27.396957,4,55.806835
73.241984,4,55.875071
127.17299,4,55.986187
11.43768,4,56.052158
-9.795127,4,56.109635
-32.464331,4,56.170363
138.664794,4,56.228192
-81.631584,4,56.287174
40.64367,4,56.35017
-73.813812,4,56.415282
-17.425917,4,56.478292
46.046866,3,56.521527
-18.666969,4,56.583351
-66.634119,4,56.643545
-33.731378,4,56.704912
27.485528,4,56.761446
47.18955,4,56.8217
18.712451,3,56.872468
-6.106184,4,56.936944
103.62567,4,56.991957
-17.151376,4,57.05495
-36.810575,4,57.120302
117.895422,4,57.180305
61.70053,4,57.243071
-27.84263,4,57.288446
-23.314696,4,57.354886
-14.676965,4,57.426648
-37.381871,4,57.488756
9.814481,4,57.5451
18.956067,4,57.605103
57.997311,4,57.674801
112.569917,4,57.734509
-36.21542,4,57.79931
132.62702,4,57.855152
52.269767,4,57.920821
57.286893,4,57.971729
29.445135,4,58.046931
104.309828,4,58.104971
16.155673,4,58.180614
-44.595702,4,58.24611
103.717159,4,58.307746
-7.532616,4,58.374549
15.769336,4,58.421853
131.440212,4,58.49112
-25.431213,4,58.55494
47.664547,4,58.605546
77.468004,4,58.682552
-15.023479,4,58.74504
133.066631,4,58.805797
49.280431,3,58.855496
107.470465,4,58.912306
63.489456,3,58.955058
120.424706,4,59.005248
-12.208681,4,59.072007
44.590704,4,59.147478
-42.092826,4,59.206016
-71.568628,4,59.268832
33.044317,3,59.323063
-62.946682,4,59.388145
22.521333,3,59.420861
190.303494,4,59.488987
9.405413,4,59.538627
72.603732,3,59.592367
69.177491,3,59.646224
71.019435,4,59.711074
118.299009,4,59.7719
-6.031336,4,59.842401
53.639498,4,59.917009
-67.342937,4,59.978797
100.125702,4,60.040092
145.681168,4,60.104714
36.162592,3,60.138271
14.343705,3,60.194831
184.468637,4,60.255174
119.520254,4,60.321787
62.687303,4,60.38279
28.337729,4,60.442179
80.071764,3,60.488592
19.65867,4,60.557103
1.175701,4,60.616778
-16.139134,4,60.676865
78.105676,4,60.738366
-33.256613,4,60.802119
53.836857,3,60.838567
75.363806,4,60.906582
70.921179,3,61.030029
16.481376,4,61.110872
152.278909,4,61.191988
-3.799099,4,61.254082
62.030876,4,61.312573
-41.354732,4,61.379546
-67.348437,4,61.448906
40.666312,4,61.505171
9.139799,4,61.569714
31.220835,4,61.635288
27.229664,3,61.684196
130.322998,4,61.740436
51.381806,4,61.796354
61.968996,3,61.848481
44.175798,3,61.889532
49.603016,4,61.960356
40.782863,3,62.008799
69.609966,3,62.055256
-1.046847,4,62.111062
123.183438,4,62.172648
-20.739402,4,62.238809
31.834817,4,62.301286
-38.416668,4,62.358266
55.221382,4,62.42049
144.738871,4,62.422578
47.885054,3,62.424567
65.897451,4,62.427387
75.967503,3,62.429386
30.356946,4,62.431386
142.788936,4,62.511914
99.641661,4,62.574798
48.396289,3,62.621759
46.857703,3,62.670439
-54.798849,4,62.738711
55.034063,4,62.801349
-15.006187,3,62.838453
93.824993,4,62.905124
-14.211655,4,62.972654
39.811495,3,63.023883
71.781687,4,63.082548
3.184617,3,63.121833
-13.98397,4,63.188599
134.100274,4,63.25044
90.505709,4,63.312988
106.217273,4,63.383793
148.891017,4,63.453913
21.14843,4,63.521201
4.404091,4,63.579807
47.056043,4,63.644366
75.565287,4,63.705176
31.512868,4,63.767915
17.697659,4,63.828851
-8.479426,4,63.889333
33.655959,3,63.938375
90.425206,4,64.002376
106.108285,4,64.056926
105.066292,4,64.119142
65.452702,4,64.187196
3.086636,4,64.246356
122.74632,4,64.28872
-2.339404,4,64.357946
49.521721,4,64.42202
115.297986,4,64.484931
127.305403,4,64.543356
89.271399,4,64.607053
8.246423,4,64.672224
116.050066,4,64.73391
-43.816472,4,64.792309
37.757926,3,64.838556
-21.04198,4,64.889015
31.668933,3,64.938442
-32.152704,4,65.005402
50.854916,3,65.055269
38.148714,3,65.094106
25.728565,4,65.155105
108.917541,4,65.219054
-32.27967,4,65.282911
59.30475,3,65.327585
36.491615,4,65.388617
136.852526,4,65.452938
-38.321135,4,65.513011
78.152476,3,65.560717
56.284291,4,65.628908
90.94637,4,65.693643
59.817295,3,65.740308
103.428335,4,65.789134
143.070857,4,65.903641
-32.33535,4,65.971642
65.84777,3,66.004775
165.867215,4,66.072255
112.543652,4,66.121974
144.731179,4,66.197259
55.676644,4,66.256223
-60.231108,4,66.321818
111.876741,4,66.37895
102.756729,4,66.434595
77.672791,3,66.471963
56.201364,4,66.539064
26.635173,4,66.60941
63.195238,4,66.669335
24.256145,4,66.72625
84.359677,4,66.788802
-0.251962,4,66.857275
185.58452,4,66.920241
115.02348,4,66.971893
92.023297,4,67.022365
150.312423,4,67.099828
106.43475,4,67.161045
41.905235,3,67.205225
-9.548882,4,67.272237
-49.85945,4,67.331657
127.563178,4,67.391557
34.466737,4,67.452435
140.901626,4,67.506053
-33.065472,4,67.58175
-65.820643,4,67.648362
75.345711,4,67.724175
11.391675,3,67.772384
21.03225,4,67.844727
71.667088,3,67.889461
-26.526047,4,67.948536
104.138565,4,68.005998
16.323796,4,68.07074
62.574583,4,68.12475
1.277625,4,68.197611
159.542562,4,68.255618
215.069821,4,68.32179
15.847637,4,68.387682
75.197435,4,68.44363
-21.506284,4,68.505557
113.159272,4,68.573176
23.210759,3,68.621789
-7.144143,4,68.672102
-20.446336,4,68.738721
61.589774,4,68.788627
64.691829,4,68.864082
87.363338,4,68.923768
60.431414,4,68.988868
20.491267,4,69.042466
-5.003808,4,69.099498
53.096873,4,69.165423
47.088717,4,69.227781
74.22493,4,69.29777
-60.921532,4,69.356323
-41.057579,4,69.415209
125.293448,4,69.472505
-41.355834,4,69.541701
54.572939,4,69.599833
27.513595,4,69.638612
94.358445,4,69.705377
56.988351,4,69.778062
23.792956,4,69.837466
26.676066,3,69.880923
-14.952736,4,69.939315
106.900057,4,70.013286
49.839103,3,70.061373
3.473781,4,70.12109
238.792647,4,70.187486
34.487734,4,70.246797
-4.122269,4,70.302418
72.196823,3,70.338852
55.019679,4,70.406187
50.988748,4,70.475826
71.534017,3,70.522198
43.641381,4,70.584838
8.551022,4,70.646481
-37.706026,4,70.711231
79.960969,4,70.772133
61.656227,4,70.836453
150.108338,4,70.943772
2.054498,4,71.012301
187.647621,4,71.073061
16.517828,4,71.133897
14.077136,4,71.199325
-56.664929,4,71.264192
23.510531,4,71.319424
75.763629,3,71.364058
179.271186,4,71.427746
-38.017636,4,71.490436
177.12012,4,71.552516
16.516074,4,71.609215
-14.794284,4,71.677022
47.596679,4,71.736965
-15.836767,4,71.800745
19.082766,4,71.863305
62.168705,3,71.910594
-6.532883,4,71.974306
117.909733,4,72.039795
-7.04309,4,72.099549
-16.252279,4,72.164236
126.678897,4,72.226952
-64.253993,4,72.291708
-22.088831,4,72.358447
-20.092274,4,72.421971
59.103878,4,72.48254
70.433413,4,72.543786
8.76038,4,72.602783
23.68179,4,72.676672
144.067198,4,72.746655
39.205618,4,72.810423
82.596723,4,72.871126
226.762048,4,72.937615
208.918787,4,72.994672
58.409221,4,73.055237
-9.545108,4,73.120232
11.784667,4,73.185271
45.667532,3,73.236081
162.728138,4,73.29667
83.342359,4,73.354579
184.758693,4,73.42397
-10.843836,4,73.490755
2.413815,4,73.61482
72.890842,3,73.656276
112.64344,4,73.720901
188.728104,4,73.788785
16.709578,4,73.854433
77.817307,3,73.907195
-15.042124,4,73.97373
28.643383,4,74.036966
37.209571,3,74.084888
73.066644,4,74.148719
102.855343,4,74.210921
27.394497,3,74.263562
32.230183,3,74.312019
40.375181,4,74.387685
54.010025,3,74.444822
38.472962,3,74.495992
16.319712,4,74.55667
5.20102,4,74.617461
-64.663192,4,74.682021
32.921472,4,74.740998
-4.181658,4,74.80075
-0.061399,4,74.859664
93.123849,4,74.922525
-5.486989,4,74.993838
140.197587,4,75.068462
16.928958,4,75.134843
73.222306,3,75.180458
-20.839333,4,75.249699
51.444629,4,75.311038
24.317323,4,75.371228
29.239871,4,75.437722
28.933492,4,75.493801
29.343136,3,75.541723
52.617791,4,75.600182
29.777291,3,75.644613
12.914433,4,75.706318
34.277563,4,75.777947
102.554292,4,75.841121
17.587777,4,75.906258
47.741968,3,75.95489
67.507846,3,76.013423
139.459219,4,76.055762
145.504334,4,76.122995
62.774369,4,76.197813
116.665863,4,76.263777
199.200522,4,76.323312
-16.492779,4,76.387758
48.20976,3,76.433172
118.923846,4,76.496087
57.481522,3,76.540079
-65.940738,4,76.604424
107.424326,4,76.66272
93.329685,4,76.723108
36.837721,4,76.787355
19.384956,4,76.854314
16.108674,4,76.923212
32.530148,4,76.994921
-40.446771,4,77.061597
64.658216,4,77.122222
20.237855,4,77.191878
21.08894,3,77.248226
123.270856,4,77.318595
-38.874962,4,77.387791
141.469794,4,77.449102
166.825699,4,77.508456
124.827654,4,77.555595
161.550333,4,77.622763
195.169715,4,77.690828
173.254479,4,77.745751
57.52505,4,77.804971
25.378846,4,77.872254
-44.06456,4,77.926123
61.626398,4,77.972586
27.613187,4,78.047676
35.07114,3,78.093412
171.397109,4,78.160859
9.316056,4,78.219418
115.260753,4,78.282384
34.364109,4,78.323
173.375036,4,78.324999
-0.761113,4,78.327999
31.411076,4,78.330379
-27.894658,4,78.33239
-175.584624,6,78.431335
87.465452,4,78.493809
22.264424,4,78.551805
7.161145,4,78.611484
55.294026,4,78.672568
28.10259,4,78.737223
-5.352322,4,78.798816
4.116146,4,78.863501
90.867059,4,78.955344
-48.318692,4,79.025301
6.073786,4,79.08544
36.110872,4,79.139855
57.79161,4,79.205492
-12.791687,4,79.256089
114.764725,4,79.322709
63.9693,3,79.371737
45.826429,3,79.422861
81.071997,4,79.496851
220.552202,4,79.557528
200.739589,4,79.622397
178.629659,4,79.672902
177.594426,4,79.748899
48.800149,4,79.810578
-32.48217,4,79.871433
-87.050912,4,79.93617
64.4377,3,79.980134
-12.456179,4,80.046963
-95.84842,4,80.106539
64.168857,3,80.155771
29.996215,4,80.219531
97.854277,4,80.276359
37.052665,4,80.339627
177.588234,4,80.405749
65.555177,4,80.462796
185.376862,4,80.523875
-19.461214,4,80.584215
-64.459404,4,80.64601
-2.604934,4,80.718583
-17.912157,4,80.785609
58.334776,4,80.843946
117.144247,4,80.90597
25.640711,4,80.965862
192.700187,4,81.03204
45.212516,3,81.075331
-20.037923,4,81.149086
113.039335,4,81.211656
-37.363114,4,81.272849
0.740751,4,81.335402
51.201377,4,81.404524
-51.292584,4,81.467672
46.195995,3,81.50929
53.080879,4,81.573591
65.871337,3,81.622994
-36.360442,4,81.672538
100.664343,4,81.754133
77.101477,4,81.814624
-83.74405,4,81.872853
103.714416,4,81.944969
44.741681,3,81.988875
3.464412,4,82.03945
-46.529913,4,82.106642
51.029836,4,82.182297
-19.416518,4,82.24422
43.462277,3,82.288146
97.170866,4,82.339547
28.821989,4,82.409721
156.410948,4,82.460571
128.683378,4,82.529666
-22.575437,4,82.589294
-75.758769,4,82.656842
112.646058,4,82.716773
163.062844,4,82.796163
38.996963,4,82.878413
231.700847,4,82.947044
55.339836,4,83.014862
52.321598,4,83.07344
78.358164,3,83.137938
147.974213,4,83.217823
47.934003,4,83.287503
19.760399,4,83.350057
113.341317,4,83.406835
-8.070069,4,83.478346
-67.772643,4,83.533316
1.640634,4,83.597147
-32.742083,4,83.683251
69.993573,4,83.758833
-71.060706,4,83.817859
151.341579,4,83.878396
18.506867,4,83.987569
61.380541,4,84.038497
-12.29068,4,84.111768
18.661949,4,84.175252
-36.115487,4,84.239296
86.67881,4,84.318892
134.414653,4,84.399259
26.483527,4,84.464823
63.630988,4,84.523503
-47.369128,4,84.596948
118.119213,4,84.650141
-27.461059,4,84.713751
34.251051,4,84.772702
63.877825,3,84.822029
43.089544,4,84.886399
25.858778,4,84.9431
186.188516,4,85.021532
222.633585,4,85.099193
55.155925,3,85.157641
-41.534513,4,85.205875
147.614607,4,85.272773
77.458444,4,85.344306
-9.608331,4,85.403104
-82.554909,4,85.466881
98.711948,4,85.539353
97.94376,4,85.602077
184.041595,4,85.661994
22.850627,4,85.72442
-29.719289,4,85.787979
-46.278036,4,85.847411
-36.143916,4,85.912974
60.274901,3,85.972609
-83.204936,4,86.039308
96.089322,4,86.11782
103.287677,4,86.177456
-38.985343,4,86.243448
60.682391,4,86.306685
-26.406743,4,86.375683
21.384823,4,86.43825
216.550727,4,86.500193
138.305129,4,86.556674
0.776122,4,86.625846
7.240477,4,86.683461
-19.40597,4,86.722652
1.252212,4,86.806731
8.506098,4,86.873456
36.362994,3,86.905341
46.331669,4,86.984571
18.509182,4,87.056219
-20.119805,4,87.138664
-47.094746,4,87.206017
93.93928,4,87.270715
80.791431,4,87.339597
-2.26507,4,87.425058
-43.703594,4,87.49829
48.177268,4,87.557072
6.857699,4,87.625153
-18.57211,4,87.689398
-21.469191,4,87.746532
-100.612606,4,87.807007
20.882697,4,87.871422
74.395038,4,87.93563
128.002816,4,87.995515
82.10121,4,88.056108
234.796654,4,88.122654
91.972836,4,88.18456
126.4775,4,88.252219
-61.489964,4,88.314278
-61.202479,4,88.372852
15.056703,4,88.44043
0.246866,4,88.499199
192.810194,4,88.558944
118.940912,4,88.622978
-10.43915,3,88.656167
79.234114,4,88.731556
6.73842,4,88.792331
80.754585,4,88.860996
79.317089,4,88.923493
40.451649,3,88.955532
24.661371,3,89.005605
-8.316352,4,89.089248
-58.534975,4,89.147449
16.788519,4,89.211209
9.434363,4,89.26699
71.912437,4,89.381746
-7.488985,4,89.443939
-51.513291,4,89.506067
168.364962,4,89.571641
23.91324,4,89.639532
45.254866,4,89.700267
53.07141,4,89.760444
104.429489,4,89.828358
-59.794158,4,89.901834
-49.45646,4,89.962895
-29.502068,4,90.029037
24.830049,4,90.091409
88.910873,4,90.156203
-3.345667,4,90.221728
-12.401017,4,90.287855
103.963407,4,90.349581
71.161855,3,90.399246
-10.797379,4,90.46426
-47.788083,4,90.524212
-35.048875,4,90.581701
150.052653,4,90.639511
89.614095,4,90.701191
41.381968,4,90.764036
-23.350424,4,90.825918
205.713537,4,90.889518
70.849266,4,90.949357
101.783075,4,91.013316
-76.176899,4,91.072882
35.527995,4,91.131415
72.687852,3,91.180087
66.184559,4,91.245602
88.992592,4,91.310219
-48.833491,4,91.373846
-17.995932,4,91.438575
51.338435,3,91.482159
-32.574307,4,91.546408
2232.103188,11,91.696488
84.089097,4,91.763196
28.609005,4,91.822292
67.849589,3,91.872976
2181.003567,13,92.055943
-21.443627,4,92.117583
106.089419,4,92.179662
-8.276661,4,92.23841
161.715539,4,92.305996
-15.470813,4,92.365004
54.097993,4,92.42833
56.680506,4,92.49042
59.767274,4,92.556282
52.069195,3,92.616195
12.619764,4,92.682893
32.960611,4,92.745744
54.458858,4,92.809157
96.773332,4,92.874835
176.722451,4,92.938508
45.112572,4,93.006156
122.303869,4,93.073215
83.503454,4,93.140342
133.809631,4,93.20138
106.498901,4,93.262629
46.69364,3,93.306645
-28.60132,4,93.382437
48.221669,4,93.455249
83.597305,4,93.524844
185.10768,4,93.591949
-1.967082,4,93.660799
82.657325,4,93.720983
-35.539073,4,93.784747
145.150626,4,93.848691
112.625981,4,93.911249
22.45667,4,93.978942
155.079908,4,94.04657
60.913829,3,94.102587
33.924481,4,94.17066
102.968471,4,94.235719
50.822541,3,94.280015
134.264196,4,94.35172
70.521313,3,94.392788
-55.48094,4,94.513147
155.718925,4,94.577915
111.684491,4,94.580994
149.984249,4,94.582995
-30.896865,4,94.584948
-21.315212,4,94.587008
-52.374953,4,94.590543
53.02559,3,94.640234
51.372673,3,94.690863
-58.804628,4,94.769029
25.717105,3,94.812835
-27.452961,4,94.873285
-40.956509,4,94.942714
-71.418624,4,95.007258
258.498307,5,95.081067
38.076987,4,95.141892
49.18981,4,95.206293
76.594314,4,95.262414
68.852113,4,95.324094
74.969841,4,95.390124
31.755399,4,95.449593
199.606013,4,95.516243
108.693213,4,95.577282
25.186377,4,95.642876
-44.175164,4,95.716306
26.267777,4,95.783785
-51.835856,4,95.843373
129.738421,4,95.906502
-32.176977,4,95.974008
17.302539,4,96.033774
144.465821,4,96.096395
102.803952,4,96.156437
174.576261,4,96.218255
-4.800013,4,96.275145
134.677989,4,96.334528
112.806766,4,96.389797
-9.839298,4,96.468491
186.437079,4,96.52609
148.226134,4,96.589693
-80.658675,4,96.656642
-47.919606,4,96.733967
-15.151655,4,96.794496
353.415561,5,96.871316
76.358785,4,96.923584
-20.417881,4,96.997604
60.116006,3,97.043424
79.831425,4,97.106642
45.870562,4,97.17315
20.802859,3,97.206461
113.875523,4,97.273241
59.009151,4,97.336961
56.583584,4,97.390136
112.53083,4,97.463259
63.410513,4,97.52527
58.325266,3,97.575819
16.573473,4,97.639832
172.395886,4,97.70154
140.338902,4,97.769317
121.322476,4,97.834957
33.475221,3,97.878771
35.211191,4,97.948986
51.254729,3,97.993564
-34.908879,4,98.054547
70.815102,4,98.106414
-40.700271,4,98.179048
1.463273,4,98.244771
25.474576,4,98.30089
57.356863,4,98.357133
-26.62936,4,98.431262
146.417835,4,98.489822
-36.501564,4,98.555436
172.483651,4,98.623397
77.635311,4,98.691795
-17.202327,4,98.750889
160.324977,4,98.811359
153.678284,5,98.897638
-52.47626,4,98.960461
18.981171,4,99.014259
26.154689,4,99.078953
60.412289,3,99.123383
-54.719449,4,99.189845
159.24819,4,99.251647
-82.761765,4,99.311281
194.415347,4,99.373324
-19.326319,4,99.442274
10.878234,4,99.498714
84.609967,4,99.589493
191.425371,4,99.673476
207.931496,4,99.734355
-22.592244,4,99.790909
-84.655789,4,99.849522
69.120615,3,99.895576
118.985003,4,99.960568
48.29233,4,100.021238
69.762389,4,100.081988
119.631629,4,100.140425
180.301192,4,100.211654
-12.879827,4,100.267236
196.998509,4,100.321978
203.391581,4,100.388675
-38.676228,4,100.445652
96.114714,4,100.508289
0.213023,4,100.571871
200.801128,4,100.623754
153.153777,4,100.689873
-33.793947,4,100.755471
1327.705656,12,100.916004
-0.467825,4,100.973417
102.899102,4,101.040084
143.536802,4,101.10638
142.385893,4,101.170663
85.153948,4,101.240118
-35.291279,4,101.300674
178.411043,4,101.358417
155.857064,4,101.421333
18.098751,4,101.490227
52.553385,4,101.550644
83.626422,4,101.610361
45.620791,4,101.673226
-80.100408,4,101.740017
219.003158,4,101.798952
91.411839,4,101.857392
58.574927,3,101.905339
67.731048,3,101.957063
94.560705,4,102.025142
-43.026284,4,102.08494
-66.938765,4,102.147094
116.743224,4,102.206793
-18.731863,4,102.27245
26.431087,4,102.331035
126.434926,4,102.37331
161.958829,4,102.440223
74.761282,3,102.48996
71.697313,4,102.557369
-67.564011,4,102.618529
189.387548,4,102.673971
-8.99957,4,102.749027
20.31769,4,102.809352
48.821616,4,102.872312
1511.294093,14,103.069113
-51.85897,4,103.130734
26.808033,4,103.193043
-32.084486,4,103.250949
-81.414758,4,103.307101
101.72657,4,103.377017
175.203799,4,103.439042
54.064774,3,103.472765
-37.429009,4,103.556895
124.165719,4,103.624323
-4.524455,4,103.690831
147.574567,4,103.756493
-19.606786,4,103.823438
15.749486,4,103.896964
49.062723,4,103.965652
106.258465,4,104.027333
-63.873413,4,104.089825
64.273845,4,104.146086
154.905263,4,104.203845
89.725516,4,104.264434
165.304179,4,104.323487
-56.366865,4,104.400723
105.27939,4,104.468573
220.741422,4,104.531277
123.11477,4,104.590104
-7.753817,4,104.657689
62.531117,4,104.719573
86.12245,4,104.782522
-2.839721,4,104.840666
186.49602,4,104.90957
-60.713816,4,105.021702
-28.739518,4,105.094065
115.601351,4,105.157041
151.346083,4,105.229412
-53.332904,4,105.295042
39.99171,4,105.358662
1724.423879,14,105.553366
1811.987994,11,105.717535
1119.030686,9,105.881069
-39.564459,4,105.946859
-81.665648,4,106.012416
-23.524703,4,106.074107
97.969242,4,106.151031
8.810468,4,106.22042
153.084704,4,106.290132
131.306342,4,106.356891
74.304611,4,106.419612
-24.391934,4,106.479523
-47.087703,4,106.542376
57.523081,3,106.592791
41.184394,3,106.641719
95.796161,4,106.713708
-15.914265,4,106.785848
124.829631,5,106.857218
123.094837,4,106.922265
-1.033543,4,106.980228
982.558273,14,107.198479
-55.609545,4,107.268795
-86.509579,4,107.338171
107.209846,4,107.398539
72.576265,4,107.46366
-37.291675,4,107.532305
100.214938,4,107.591238
38.669115,4,107.651925
-13.952097,4,107.711668
123.79591,4,107.777071
-38.854118,4,107.840338
-54.842793,4,107.903914
43.901081,3,107.945774
1.482928,4,108.006839
175.605092,4,108.075602
198.442687,4,108.137609
63.021607,4,108.207006
76.850633,4,108.266684
23.141566,3,108.30694
-21.723135,4,108.372564
32.095503,4,108.42639
76.424671,4,108.492968
67.959055,4,108.539564
37.25395,4,108.615672
-23.236767,4,108.673764
40.161743,3,108.726615
69.86316,4,108.781232
145.023944,5,108.854279
822.37994,13,109.044106
988.773185,13,109.227973
-71.880109,4,109.289239
-72.315265,4,109.352073
217.561778,4,109.413887
23.959066,4,109.465484
-40.063498,4,109.534248
32.290849,3,109.577491
3.23423,4,109.64091
114.638533,4,109.710614
-27.572098,4,109.769597
-33.9311,4,109.831234
-35.173483,4,109.89466
169.893712,4,109.961489
-15.819025,4,110.023556
131.212714,4,110.086641
133.042472,4,110.151081
114.03635,4,110.214687
-51.70198,4,110.274571
88.770722,4,110.336546
179.930674,4,110.390568
-28.827994,4,110.390568
67.217731,4,110.395685
28.926321,4,110.398937
198.045991,4,110.401949
-332.088781,6,110.508763
2.080953,4,110.571181
46.590002,4,110.630418
1200.243765,14,110.826234
140.841515,4,110.897335
31.2682,4,110.966049
136.451957,4,111.057336
-44.168984,4,111.123306
216.866726,4,111.190349
-39.601568,4,111.252645
90.231152,4,111.313717
171.647754,4,111.373699
-20.457776,4,111.440042
169.88387,4,111.503113
164.517682,4,111.567895
11.845522,4,111.637948
145.327523,4,111.707237
-53.243484,4,111.774616
64.327989,4,111.844284
119.792054,4,111.917898
189.876338,4,111.986906
153.007338,4,112.052353
67.564161,4,112.116886
143.990553,4,112.188357
26.588265,4,112.257213
49.740269,4,112.31782
188.482993,4,112.375422
10.183854,3,112.424005
-28.738197,4,112.489135
63.629282,4,112.552099
-59.280134,4,112.614047
1289.729955,13,112.808834
13.353158,4,112.873817
172.063728,4,112.938703
-29.12268,4,113.001431
-74.035287,4,113.064999
-28.742038,4,113.123827
32.723936,4,113.198287
-37.845644,4,113.273217
77.910979,4,113.323947
126.325763,4,113.390966
25.106328,4,113.464051
28.894771,4,113.523802
130.353974,4,113.585575
87.334946,4,113.640895
185.938229,4,113.713823
122.748346,4,113.776707
166.2726,4,113.837906
60.652485,4,113.907274
40.488823,4,113.983654
-31.904669,4,114.051491
328.644236,5,114.127832
103.018641,4,114.19058
138.51444,4,114.262057
209.767935,4,114.337911
-80.047648,4,114.405453
22.645885,4,114.473933
161.984802,4,114.533739
211.178731,4,114.598838
100.907699,4,114.667081
1.861914,4,114.741056
31.387707,4,114.813093
184.500204,4,114.87556
39.181998,4,114.934771
108.162657,4,114.999176
89.886697,4,115.063049
-36.771592,4,115.123751
134.211916,4,115.197385
179.050693,4,115.272573
61.420059,4,115.339307
159.610524,4,115.404273
55.884155,3,115.451544
7.209843,4,115.515541
1451.385791,13,115.709363
1371.759177,12,115.902157
146.844763,4,115.966963
81.043286,4,116.033886
54.683503,4,116.097484
-6.683688,4,116.157194
129.137737,4,116.22211
294.695391,5,116.299314
93.945137,4,116.362186
-56.549411,4,116.424425
115.777195,4,116.494431
210.066142,4,116.567364
214.800753,4,116.633927
-65.272596,4,116.698373
96.860547,5,116.775214
3.581153,4,116.895161
153.223634,4,116.956114
27.87653,4,117.007433
65.518304,4,117.071925
87.334401,4,117.14121
152.777885,4,117.205547
161.216871,4,117.263035
-40.315852,4,117.322104
185.185344,4,117.382544
214.048044,4,117.449349
104.78506,4,117.509726
1814.136447,13,117.68146
1973.005104,12,117.845592
-35.885296,4,117.917219
168.8194,4,117.978859
201.465277,4,118.039485
-16.330201,4,118.09118
12.858302,4,118.168386
57.601934,4,118.233757
6.909719,4,118.299426
-33.436495,4,118.365135
143.168775,4,118.428948
12.712579,4,118.486969
-9.697397,4,118.547381
43.61011,4,118.61268
155.002151,4,118.680573
-66.355793,4,118.746548
49.522679,4,118.822327
86.042368,4,118.890842
166.377256,4,118.968723
38.704183,4,119.037832
19.08835,4,119.100471
1687.861009,12,119.274892
7.071548,4,119.340024
-19.049195,4,119.403394
-1.329137,4,119.458042
11.26704,4,119.524663
75.517274,3,119.564784
-24.30374,4,119.632768
184.064541,4,119.69157
107.179675,4,119.759363
185.213263,4,119.831946
-34.073015,4,119.888748
102.983211,4,119.946386
-43.618122,4,120.011727
1.647745,4,120.072022
44.483644,3,120.115875
62.205154,4,120.176754
4.458056,4,120.240698
109.617192,4,120.303074
171.583362,4,120.361057
-8.05604,4,120.418347
-43.649372,4,120.4851
77.064759,3,120.535988
-4.455662,4,120.598732
125.20344,4,120.658893
33.375814,4,120.722944
97.649515,4,120.78572
29.533414,4,120.85274
2194.641004,13,121.028312
110.789954,5,121.120608
69.454996,4,121.183849
399.973104,5,121.259272
-37.929804,4,121.319301
67.232673,4,121.376875
2075.501557,13,121.561717
1945.305624,11,121.723093
139.604293,4,121.782877
1623.110854,12,121.949343
-20.878851,4,122.013381
3121.170133,15,122.213305
1965.920472,11,122.36604
386.496615,5,122.452689
412.2249,5,122.536042
232.113411,5,122.612406
-2.982169,4,122.673105
27.64126,4,122.746196
1702.945263,12,122.908629
2037.104911,12,123.081118
-103.76349,4,123.142812
2591.347471,15,123.358668
11.886898,4,123.467815
115.08343,4,123.5312
2319.168651,15,123.755381
188.510488,5,123.835467
304.860611,5,123.910156
2998.042913,14,124.085016
367.780668,6,124.17514
-35.853602,4,124.241505
209.322969,5,124.316631
133.833978,4,124.376866
2467.685635,13,124.552371
293.417119,6,124.655537
437.430443,5,124.733313
3043.021639,14,124.931926
2485.377166,14,125.115796
211.275075,5,125.197587
1934.45189,11,125.361766
1973.522255,11,125.524543
2785.208902,15,125.736601
341.230328,5,125.82038
186.150585,4,125.886147
407.232701,5,125.955704
157.67336,4,126.014438
2589.083056,13,126.047511
2551.754992,14,126.061605
1489.56596,11,126.070243
2558.756767,14,126.078855
1828.256638,12,126.086924
-316.841035,7,126.212731
2568.548338,13,126.406356
494.984475,6,126.497592
-33.785756,4,126.563378
-26.183236,4,126.633389
3202.383834,15,126.846589
2385.40706,13,127.011241
-67.177368,4,127.080555
2575.774843,14,127.289076
-17.115073,4,127.353758
279.697439,5,127.429306
10.151817,4,127.490873
3275.889701,16,127.721422
1856.06259,11,127.885514
14.472079,5,127.977212
-19.489225,4,128.035306
2882.500842,14,128.241704
-55.708278,4,128.300994
2059.116376,13,128.478787
1462.69448,10,128.621778
1541.124858,10,128.774963
323.483957,6,128.873267
2035.395842,13,129.07133
1277.734017,10,129.23358
115.777324,5,129.314801
1487.766838,11,129.469418
2798.182114,13,129.652635
2216.344831,13,129.834272
2005.543793,11,130.017585
1448.725877,11,130.162889
1991.928519,12,130.336926
2173.57272,13,130.518656
402.74411,8,130.663085
2220.332837,13,130.846872
1502.634438,10,130.981052
1697.385411,11,131.164849
1372.392731,10,131.318773
1971.059739,11,131.473666
2266.400548,13,131.657501
1486.859992,11,131.819817
1702.707188,11,131.985429
1461.842646,10,132.118542
1866.225507,11,132.271539
1605.686699,12,132.456086
1361.973788,10,132.600357
1101.653108,9,132.744008
1049.905705,9,132.867105
1209.63449,9,133.00108
1497.676422,10,133.155178
343.825466,6,133.245018
1540.213148,11,133.390711
2009.65661,12,133.624537
1319.093731,10,133.78695
1311.69813,10,133.919433
2291.921882,13,134.113125
2026.917099,12,134.286011
1996.856837,12,134.449001
1094.68977,9,134.580079
1959.917496,11,134.725536
1761.694552,12,134.888093
1329.888571,11,135.050717
2247.765863,13,135.234895
1610.613407,12,135.398813
1210.105028,10,135.542742
1464.951355,10,135.69379
1078.380979,9,135.817968
1577.622754,10,135.961441
917.471168,9,136.095137
2586.523317,13,136.278007
1741.499576,12,136.463272
1265.287762,10,136.613802
1408.480841,11,136.769375
1534.038814,11,136.94268
2344.62673,13,137.108204
2115.247133,13,137.312458
475.133793,8,137.434827
1822.268815,12,137.609073
1436.438236,10,137.753139
1297.131923,10,137.89491
1042.467298,10,138.046477
1348.56749,10,138.213026
1873.38196,11,138.375729
1753.024723,11,138.548509
1174.00012,10,138.710552
1920.714842,11,138.890751
1283.524043,10,139.01587
1466.504016,11,139.189871
1549.598947,10,139.381776
1194.201279,10,139.565089
2083.454977,12,139.72924
1266.968126,10,139.882228
1997.341929,13,140.07537
2623.03434,14,140.279263
1483.116645,10,140.433853
1527.866325,10,140.585038
1175.316935,10,140.740019
1336.711772,10,140.913179
1660.273662,11,141.014566
1379.335402,11,141.024912
1375.829299,10,141.031587
1751.742088,11,141.033148
1814.219646,11,141.042333
-311.531561,5,141.117887
2561.381909,13,141.313714
1234.67246,10,141.467454
2165.600794,12,141.651419
1536.314233,10,141.832398
1520.787518,11,141.986701
2161.394975,12,142.177333
1653.364193,11,142.336796
2775.360585,15,142.559088
1868.472782,11,142.740041
1507.282846,11,142.895626
1974.711358,11,143.058481
1847.684474,11,143.230024
2130.621932,12,143.422124
2254.021299,12,143.593057
1504.193393,11,143.757235
1085.728451,10,143.902419
2291.570648,12,144.05694
1509.631238,10,144.209689
1856.519111,12,144.381626
1755.551122,11,144.536731
1491.984685,10,144.6891
1580.542618,10,144.825122
1485.268645,10,144.978087
1132.218467,10,145.121479
1289.010057,10,145.23902
2190.891283,12,145.407598
1463.593667,10,145.59269
2128.280371,12,145.764337
1285.395473,10,145.8971
1325.81493,10,146.0394
1210.127577,10,146.193762
1563.906473,11,146.336114
1442.475577,10,146.478519
864.466173,9,146.618953
1274.439521,10,146.763904
1061.863441,10,146.915925
1131.287213,10,147.055681
1832.914743,12,147.219229
2292.51418,12,147.396917
1519.773789,11,147.55771
1812.488876,12,147.73188
1867.377653,11,147.897598
2314.623919,12,148.062179
1159.812171,10,148.209338
1403.005099,11,148.362677
1080.221827,10,148.494058
1973.664538,11,148.659685
2268.985586,12,148.832388
1288.5102,10,148.975426
2409.072172,12,149.168332
2302.841909,13,149.3727
1647.498538,11,149.574949
1411.051294,11,149.728565
1245.978008,10,149.870274
1354.733137,10,150.044535
2175.658079,12,150.213476
2290.379243,13,150.400772
1919.839198,12,150.597661
1952.101458,12,150.78706
2402.688691,13,150.971888
1235.989629,10,151.121069
1607.264216,11,151.294662
1482.019259,10,151.472801
875.635663,9,151.614368
1913.949876,12,151.785688
1068.183858,10,151.939289
1718.26001,11,152.115513
1466.391809,10,152.285409
1453.818735,11,152.469512
1101.740942,10,152.653654
1413.713825,10,152.820512
1451.633667,11,153.026662
1365.453484,10,153.15993
2485.949937,12,153.353464
1154.960187,10,153.538582
1646.935997,11,153.70731
1862.309355,11,153.870034
1746.949078,11,154.054939
1770.197083,11,154.223171
1828.08972,11,154.371557
1724.459553,11,154.524209
2181.706357,12,154.705652
1887.687326,12,154.878986
1365.190167,10,155.021504
2863.911009,13,155.205704
1413.648868,11,155.358527
1819.921697,11,155.522436
1205.473465,10,155.665322
1501.364793,10,155.808585
1140.932057,10,155.950857
1633.701156,11,156.073925
1486.881405,11,156.084084
934.713395,10,156.091565
1501.063115,11,156.093289
794.717329,9,156.101059
395.773296,9,156.235245
1568.759466,11,156.43489
2095.070472,12,156.599191
1630.088459,11,156.7422
2962.799152,13,156.937164
1280.66788,10,157.081212
1176.452647,10,157.224023
1376.325146,11,157.385149
1818.925984,11,157.552027
1175.423078,10,157.68466
3301.975647,14,157.87843
3225.432712,15,158.0923
1435.444424,10,158.245914
1693.751443,11,158.406852
1985.810739,11,158.561579
2892.51031,13,158.74452
1949.974571,12,158.917758
1614.79072,11,159.080784
2159.780322,12,159.243463
5391.630269,19,159.547822
2614.036343,13,159.761419
1131.906874,10,159.92437
1714.153872,11,160.078875
1725.404773,11,160.239506
973.763056,10,160.402979
2060.068299,12,160.575891
1026.379859,10,160.719031
2293.544743,13,160.93141
1263.466006,11,161.093116
1751.781922,11,161.284813
996.996251,10,161.427656
2070.106876,12,161.620088
1717.918631,11,161.793775
1328.877149,10,161.936992
1034.416035,10,162.097319
2202.714284,12,162.301201
1591.481028,10,162.451914
2044.19801,12,162.628439
1003.447846,10,162.768617
2712.634803,13,162.992959
1392.820317,10,163.148758
1660.39398,11,163.301474
1170.979351,10,163.444743
4304.015746,17,163.709493
3735.219069,15,163.927402
1283.914565,11,164.079517
836.019363,9,164.223115
1879.053188,11,164.38477
1043.036887,10,164.530276
1925.065611,12,164.707873
3926.119712,15,164.918694
846.992284,9,165.041165
2047.329128,12,165.215453
1413.788825,10,165.358576
1561.628031,11,165.502124
1633.817459,11,165.654618
1012.206087,10,165.819204
1454.721862,11,165.982857
1434.19783,11,166.135858
1204.796866,10,166.280125
1180.191484,10,166.429696
2128.012759,12,166.602804
1397.828854,10,166.737277
1982.34197,12,166.911686
1862.004301,11,167.082661
902.409427,10,167.230706
3326.6518,14,167.424312
1419.223967,11,167.585734
3330.478356,15,167.824468
1789.318785,11,167.97534
1237.468683,10,168.118045
1520.809569,11,168.273326
1198.742757,10,168.437646
1424.035448,11,168.601744
2421.217497,13,168.794576
1265.904126,11,168.99075
892.98606,9,169.134347
1422.361289,11,169.287195
1370.431588,10,169.428907
1003.381794,10,169.590504
561.262553,9,169.739739
2214.352747,13,169.934271
1628.739087,11,170.107845
1010.474813,10,170.258149
966.468898,10,170.432694
2617.399744,13,170.627469
1684.530389,11,170.788394
1343.128675,10,170.942767
1607.546403,11,171.077676
3277.211301,14,171.085676
1916.008678,11,171.092203
2396.822655,12,171.099312
1430.756989,11,171.104405
324.457821,9,171.257432
895.002675,10,171.429629
1240.756436,10,171.581051
955.591841,10,171.726034
765.475929,10,171.918461
1588.651242,11,172.080863
1151.725895,10,172.223555
1122.808229,10,172.396559
2079.606788,12,172.600071
1165.495169,10,172.733769
964.332983,10,172.887461
1787.630048,11,173.063006
601.440867,9,173.214954
1055.136977,10,173.367706
621.585143,9,173.500411
1296.322116,10,173.651064
1439.738142,11,173.806732
1404.722469,10,173.95701
1304.154593,11,174.091312
1345.338306,10,174.256629
1871.205583,12,174.437654
838.637812,10,174.572164
2254.423797,12,174.745176
926.2814,10,174.90102
621.322125,9,175.034323
851.60449,9,175.167422
1368.447713,11,175.32499
1430.971239,11,175.484557
447.650006,9,175.655855
1039.168194,10,175.801443
1062.429599,10,175.943578
992.656699,10,176.084626
880.522355,10,176.229997
2035.159768,12,176.410326
1134.399082,10,176.571531
1734.191681,11,176.736528
2073.772196,12,176.910922
866.778004,10,177.054551
1291.720964,11,177.206885
921.823325,10,177.349461
1069.638498,10,177.513805
579.33552,9,177.636608
1691.767946,11,177.786962
1094.615243,10,177.932647
989.952615,10,178.086663
992.090441,10,178.276564
503.139189,9,178.410532
1316.327983,11,178.600587
1187.554942,10,178.77264
881.470668,10,178.906961
836.614631,9,179.049146
1269.454795,10,179.212739
1210.226236,10,179.37455
901.061383,10,179.6051
1758.508804,12,179.759903
1359.701623,11,179.944526
1284.843418,10,180.106287
1842.475191,11,180.277724
1426.412176,11,180.44893
1272.006776,10,180.592616
1677.759363,11,180.75428
857.286778,10,180.907805
2100.722694,12,181.092182
869.659397,9,181.224802
1162.81454,10,181.38526
731.571197,9,181.519675
630.280909,9,181.651587
1262.487937,11,181.822918
863.920913,10,182.00538
962.822871,10,182.149141
1188.265395,10,182.322234
1702.837428,11,182.485271
1587.02345,11,182.669266
765.644191,9,182.791426
1226.367781,10,182.935066
954.801659,10,183.077856
1555.092892,11,183.252999
1428.717093,11,183.40749
1449.329608,11,183.569495
1739.195778,11,183.7249
834.546443,10,183.878882
2254.417263,12,184.061924
882.391345,10,184.197577
1312.532434,11,184.35683
821.242288,10,184.505532
1517.316256,11,184.658512
1199.707971,10,184.798839
1183.683305,10,184.943857
1181.937437,10,185.097066
1240.065506,11,185.261244
605.119159,9,185.394192
1918.961266,12,185.567071
1272.734986,10,185.722204
1690.516285,11,185.875668
1341.698673,11,186.019651
1260.534866,10,186.16302
812.292969,10,186.31667
1170.997072,10,186.31667
1216.156601,10,186.32742
895.620559,9,186.328447
892.586393,10,186.337353
1184.102154,10,186.490969
1360.159068,11,186.653791
623.34247,9,186.77318
1662.702987,11,186.938134
708.574575,9,187.080237
543.461942,9,187.205384
1181.34092,11,187.357672
1227.738577,10,187.510242
1684.426434,11,187.674282
789.98172,10,187.81655
769.532141,9,187.949328
2079.004196,12,188.121382
902.59192,9,188.255
1039.534791,10,188.405037
789.343758,9,188.530466
1290.855056,11,188.702267
1278.099476,10,188.867008
904.419027,10,188.990735
1279.717884,11,189.155475
1319.561027,11,189.320096
1498.860261,11,189.482605
1326.632294,11,189.636172
1291.150397,10,189.780487
1329.450821,11,189.953972
1358.067482,11,190.155061
1572.399126,11,190.331849
1095.188374,10,190.482657
1239.284096,11,190.639749
818.433565,10,190.791375
911.886386,10,190.926854
1248.715922,10,191.079945
819.348251,9,191.202991
709.289258,9,191.347882
1747.80287,12,191.518735
1316.112506,11,191.692434
1530.164973,11,191.848077
1243.699867,11,192.011103
1541.361404,11,192.166574
1719.237854,12,192.339727
1596.746585,11,192.493063
1188.389552,10,192.64776
966.230835,9,192.788643
1260.030013,10,192.934521
1650.408513,11,193.087457
2039.832382,12,193.269583
1091.337715,11,193.425958
2097.833,12,193.599421
1573.750755,11,193.753314
2021.462198,12,193.927201
884.206367,10,194.079931
706.561399,9,194.211789
664.586411,9,194.346991
1633.041765,11,194.510301
1700.825452,11,194.673207
591.901954,9,194.804285
1438.678646,11,194.959846
919.583886,9,195.104344
1105.145651,10,195.258165
1376.062971,11,195.411512
933.580986,10,195.554928
669.951044,9,195.697628
1217.789135,11,195.861317
1287.20696,10,196.00309
1202.50723,10,196.1479
1130.328343,10,196.301361
1213.497405,10,196.443925
636.004843,9,196.584333
665.653934,9,196.720605
1097.896096,10,196.864048
969.466307,10,197.006946
1590.090081,11,197.171183
915.377404,9,197.30307
1451.552514,11,197.476979
1077.902652,10,197.628897
1558.639823,12,197.809481
872.775968,10,197.9544
2155.883771,12,198.136351
1168.458487,11,198.292171
775.745965,9,198.424365
1134.086268,10,198.56651
848.188264,9,198.707868
1151.26545,10,198.853266
1879.513125,12,199.035702
1176.976805,10,199.189619
929.942882,10,199.330882
1461.674722,11,199.493398
861.246436,9,199.623399
1617.4237,11,199.7787
853.394687,10,199.932356
1563.886885,11,200.079604
1338.197677,11,200.233315
1899.301487,12,200.380258
1339.297459,11,200.549778
1784.808296,12,200.734231
918.841096,10,200.878201
1228.253897,10,201.082049
1319.673569,10,201.160645
1478.709767,11,201.160645
1230.819605,11,201.175567
1964.202933,12,201.177098
1534.769214,11,201.187384
1298.389654,10,201.330972
1947.191752,12,201.493664
1770.149477,11,201.662351
1842.377559,12,201.831397
1269.118189,10,201.975322
2385.886541,13,202.163894
1730.225245,12,202.325901
1207.240429,11,202.476049
1082.47795,10,202.629368
1598.189722,11,202.804178
765.303458,9,202.937754
937.875635,10,203.080681
1022.099696,10,203.235659
534.110593,9,203.36823
1413.459781,11,203.530411
2084.563199,12,203.706992
1591.772494,11,203.869133
1902.52201,12,204.022612
1057.379473,10,204.165132
1749.775591,12,204.339865
1308.361672,10,204.491955
781.071401,9,204.609614
1222.668796,10,204.759964
1634.214883,11,204.90706
1395.82862,11,205.082887
945.705464,10,205.216007
1582.210703,11,205.379202
1067.399465,10,205.523497
1902.831872,12,205.706686
2591.803597,13,205.910893
1626.966199,11,206.07418
1610.648531,11,206.245168
2149.753777,12,206.417919
2459.849344,13,206.650944
1120.445415,10,206.794504
1431.848739,11,206.936817
1789.578286,12,207.139895
1502.934557,11,207.303733
1878.843753,11,207.495685
1366.099461,11,207.642751
1690.136843,12,207.822076
1048.928432,10,207.993537
1047.956631,10,208.135826
1222.109243,10,208.277429
1088.869983,10,208.430578
715.390206,9,208.582055
1918.137365,12,208.762313
594.936399,9,208.896205
1752.948234,12,209.072348
1146.253046,10,209.215385
1677.293964,12,209.417729
847.576072,9,209.559856
1431.836601,11,209.723208
985.990628,10,209.87569
2056.536925,12,210.036938
2110.743727,12,210.201419
1391.663597,11,210.377825
1466.732947,11,210.538956
747.595474,9,210.692315
1130.645588,10,210.828619
1750.65768,12,211.010442
1191.628198,10,211.145789
1282.658257,11,211.307391
2124.840319,12,211.473012
1462.118433,11,211.64662
941.090066,10,211.796026
1034.320249,10,211.943712
1595.06601,11,212.147727
1243.216647,11,212.310798
1305.46177,10,212.455811
1733.904362,11,212.616724
1637.251017,12,212.793975
1690.120869,12,212.978538
1516.846767,11,213.142463
1198.88907,10,213.293732
1557.277972,11,213.439629
1747.905566,11,213.613216
1790.470645,11,213.776642
1438.601735,11,213.940157
1930.011227,12,214.103799
951.308761,10,214.257214
1355.724193,11,214.410897
1455.020547,11,214.56292
1515.861281,11,214.716541
755.539592,9,214.858999
1534.562919,11,215.014412
1504.563297,11,215.17606
1649.259178,12,215.348751
1716.591126,12,215.52376
1761.588184,11,215.685528
1156.106775,10,215.830495
1072.872519,10,215.963717
1154.925207,10,215.997978
2221.851359,12,216.004451
1685.885297,11,216.010658
1904.243982,12,216.017622
1762.400897,12,216.022993
1101.65655,10,216.174444
1234.943387,10,216.316119
592.639219,9,216.448105
2117.955407,13,216.612125
1781.316339,12,216.785294
1968.213916,12,216.967685
925.478412,10,217.101981
1609.446971,11,217.255774
2053.431788,13,217.439902
1699.461595,11,217.592803
971.423126,10,217.743377
1159.12312,10,217.888044
1234.631213,10,218.031451
1292.773092,11,218.195312
2356.644486,13,218.378222
2647.869069,13,218.553527
2344.147522,12,218.728993
1541.946417,11,218.882211
1403.796674,10,219.029363
955.445281,10,219.173924
986.917869,10,219.324447
555.06184,9,219.441061
1635.045272,11,219.599714
2162.301645,12,219.785084
2551.440224,13,219.981706
1517.561256,11,220.133703
1733.614344,11,220.289834
1724.39483,11,220.44355
1642.433358,11,220.607554
1066.493573,10,220.758148
1475.593977,11,220.912209
1536.517832,11,221.087024
1046.370903,10,221.238952
907.139487,10,221.402188
1684.426497,12,221.565406
1835.774804,11,221.719072
1521.05914,11,221.882169
1200.900696,10,222.028134
2067.552149,12,222.189861
2843.985414,14,222.373716
1830.600907,11,222.537428
1155.286503,10,222.680587
1599.366893,11,222.834123
1804.032903,11,223.010071
1285.906319,10,223.213966
1341.088286,10,223.367559
1931.239369,12,223.543313
1290.850435,10,223.681939
1533.315836,11,223.846183
1283.955576,10,224.006542
2416.733719,13,224.192576
1655.276227,11,224.345802
1502.286589,11,224.496015
1649.537244,11,224.652645
1169.416187,10,224.797107
1455.108735,11,224.949636
2370.805468,13,225.155461
1700.957174,11,225.337384
1573.60496,11,225.509995
1776.006495,12,225.722677
1224.594005,10,225.893728
2473.323479,13,226.078086
1272.969052,10,226.233047
1668.46107,11,226.425633
1863.964576,11,226.589086
1552.0851,11,226.752392
1943.899232,12,226.941832
1309.634723,11,227.098611
2024.07178,12,227.273792
2426.541226,13,227.477758
1844.299827,11,227.651313
1905.522876,12,227.83599
2176.940195,12,228.011082
1348.590135,11,228.182955
1682.026702,11,228.364702
1471.915029,10,228.507208
2344.631325,13,228.702418
1742.281272,12,228.886151
1472.186483,11,229.02898
2772.625607,14,229.260907
1808.000693,12,229.442457
2140.463303,12,229.614787
2220.399404,13,229.786348
2371.493971,12,229.961417
2212.26212,13,230.163882
1384.328431,10,230.319608
2015.043158,12,230.49358
1029.545153,10,230.636131
1904.6505,11,230.809244
2031.55201,12,230.847896
1747.501373,11,230.861514
1104.51225,10,230.866876
1861.344316,12,230.868441
1342.617688,10,230.878511
2049.009145,12,231.046177
2186.198133,12,231.214056
1559.450127,11,231.377751
1196.451517,10,231.530293
2688.675784,13,231.714095
2253.247243,12,231.879555
1315.126558,10,232.02338
2103.622788,12,232.204219
1746.898361,11,232.371322
1504.012448,11,232.533815
1973.809496,12,232.70719
2569.189519,13,232.904375
1924.63109,12,233.085976
2132.485959,12,233.252601
1878.101402,12,233.41553
1826.780695,11,233.568572
1242.676672,10,233.73096
1750.067906,12,233.915066
986.557104,10,234.058022
1292.380609,11,234.212498
2654.728264,13,234.414329
2446.65363,13,234.67853
1688.499173,11,234.835123
2258.743739,12,235.052085
2127.449946,12,235.216329
1848.209101,12,235.409042
2161.107816,12,235.592349
1210.664601,10,235.745389
2008.020999,12,235.918895
1596.673211,11,236.090537
1788.60143,11,236.262286
1512.826143,11,236.455385
1450.499123,11,236.607769
1027.852251,10,236.761511
1440.259319,11,236.954135
2939.471061,14,237.179941
1514.127773,11,237.333779
2575.679068,13,237.547503
2168.494411,12,237.729909
2417.826908,13,237.924925
2077.542417,12,238.129415
2734.776619,13,238.340008
1901.937696,12,238.505112
1545.571018,11,238.668679
1035.556745,10,238.808836
1729.391867,12,238.982616
2665.417807,13,239.174857
1459.445707,11,239.367372
2241.626787,13,239.576863
2179.627362,12,239.739612
2439.937253,13,239.952565
1810.865937,12,240.140284
3433.619251,15,240.355096
1941.144949,11,240.510567
2275.296567,13,240.701121
2275.065894,13,240.896555
2503.768858,13,241.08067
1372.268236,11,241.245195
2061.44843,13,241.439177
1936.597961,12,241.621699
1416.299387,11,241.788465
937.221,10,241.931831
2119.038428,12,242.105707
2128.333203,12,242.287569
2427.965923,13,242.483638
1691.310934,11,242.692781
2160.521574,13,242.908989
1371.884504,11,243.110651
1893.454693,12,243.303734
2490.459514,13,243.527533
2049.032345,13,243.751134
2314.04612,12,243.981689
1869.278035,11,244.162714
2154.43006,13,244.375129
1768.436942,12,244.538362
2224.345852,12,244.762071
1727.97872,11,244.916873
1608.918136,11,245.080073
2421.276715,13,245.299728
2208.750094,13,245.503726
2711.072943,13,245.688523
1085.650955,10,245.851994
1483.773326,11,246.033957
1104.845105,10,246.188789
2492.837382,13,246.310552
1697.46738,11,246.310552
1944.007521,11,246.321948
1092.830977,10,246.327567
1790.208503,12,246.333347
217.421261,9,246.474631
2010.408307,12,246.657824
2503.613636,14,246.931259
2082.690796,12,247.143137
2122.650847,12,247.296786
1257.858897,10,247.480877
1162.945985,10,247.649678
2056.45158,12,247.825127
1295.334443,11,247.99651
2024.272337,13,248.207472
2106.627,12,248.373556
1610.261323,11,248.526704
2095.124638,12,248.700416
1475.998187,11,248.871085
2169.297678,12,249.035399
1946.644117,12,249.229542
1471.242056,11,249.394532
1413.03032,10,249.538536
2417.355738,13,249.732463
1999.779089,12,249.916543
2228.359221,12,250.100728
2331.682628,12,250.263191
2019.442271,12,250.436397
1761.632547,11,250.621656
2253.173983,12,250.796412
1035.50064,10,250.950628
2831.991068,14,251.155746
2528.259928,13,251.337656
2516.242175,13,251.523694
2408.019062,13,251.707713
2125.876093,12,251.881603
2444.28789,13,252.066041
1993.957873,12,252.249098
2094.766846,13,252.43449
1683.729956,11,252.589004
2134.01073,13,252.783856
2387.26384,13,252.968075
2304.205017,13,253.152363
2263.039071,12,253.326959
1798.813967,11,253.491084
1827.419148,12,253.653524
2411.067585,13,253.838879
1820.878552,11,254.002731
2048.997778,12,254.176574
2155.18774,13,254.371645
1477.348523,10,254.515075
1075.041924,10,254.654958
2245.619476,13,254.852177
1614.384299,11,254.994838
3618.740194,15,255.208181
2472.940234,13,255.402476
1866.619578,12,255.585134
2391.622801,13,255.758538
1783.460334,11,255.912481
1606.286114,11,256.075721
3025.794282,14,256.269987
2358.887913,13,256.464031
2685.473286,14,256.676054
2132.331722,13,256.851795
1426.694908,11,257.016102
2193.70073,12,257.190046
1560.033357,11,257.353876
2591.067954,14,257.549095
1812.078754,12,257.732519
1571.087874,11,257.893313
2718.26189,13,258.090144
2552.563804,13,258.274604
1380.891509,11,258.449203
2692.503932,13,258.641094
1610.986368,11,258.805168
1431.144182,11,258.972906
1881.692919,12,259.147352
3144.886796,14,259.341918
2121.921726,12,259.564556
1705.874099,11,259.718678
2764.172143,13,259.921018
2290.812646,12,260.09464
2635.118938,13,260.267937
1500.749404,11,260.43145
2698.249626,14,260.657885
2056.638066,12,260.838483
998.007465,10,260.984529
1926.07056,12,261.168542
2662.249789,13,261.196803
1464.900725,10,261.20289
2263.161589,12,261.209132
1200.06885,10,261.215758
1819.522805,12,261.215758
2702.61061,14,261.408095
1831.652039,12,261.570874
2262.75881,13,261.774531
3622.22456,15,261.998322
2909.761644,14,262.223311
2290.4299,12,262.393835
2662.55385,13,262.570924
1756.402698,11,262.714441
1936.862198,12,262.896611
2914.792729,14,263.102266
981.190466,10,263.242386
1889.786177,11,263.407715
2988.131505,14,263.632356
2015.623979,12,263.799778
1981.096666,12,263.979855
2388.707175,12,264.15353
2130.44232,13,264.330471
2230.596802,12,264.513457
2762.339372,14,264.698816
1524.045986,11,264.852881
1193.431053,10,265.005855
2202.027905,12,265.179277
2361.858856,13,265.351595
1695.78463,12,265.533507
1834.107178,11,265.709758
1425.158073,11,265.883388
2737.100103,13,266.066627
1005.292406,10,266.209494
1914.475646,12,266.394302
1494.590092,11,266.54812
1618.423915,11,266.700183
1807.04265,12,266.870729
1303.077823,10,267.035794
1125.911646,10,267.170499
1466.76876,11,267.334196
2026.535743,12,267.51645
2501.904176,13,267.721725
2275.834919,12,267.883419
2798.282006,14,268.090813
1520.292442,11,268.251758
1890.591973,12,268.436767
2938.49587,14,268.621212
2331.773712,13,268.804633
2263.474006,13,268.968005
1367.91394,11,269.129911
3003.865827,14,269.307115
2230.916031,12,269.490493
2172.516046,13,269.683134
2232.791947,13,269.885551
2609.56047,13,270.061315
2809.102015,13,270.255369
2207.186976,13,270.437358
2061.579101,12,270.623596
3241.565564,14,270.83118
1627.779082,11,270.982138
3208.722363,14,271.189524
2324.364549,13,271.372229
2730.473267,13,271.556082
2441.191358,13,271.737984
2293.296587,12,271.912671
1698.121617,11,272.098415
2486.478242,13,272.360138
2079.563733,12,272.535249
2105.578705,12,272.707935
2501.36436,13,272.930452
2708.646396,13,273.113888
1766.233698,11,273.277449
2186.915986,12,273.459064
1500.064886,11,273.643951
1554.905811,11,273.816499
2279.402562,12,273.988504
2471.120895,14,274.190427
2589.909775,14,274.426639
2171.731464,12,274.589893
2970.224236,14,274.762967
1717.844721,11,274.940734
2694.152986,13,275.142794
2050.881817,12,275.333678
1420.399483,11,275.510161
2688.04466,13,275.715791
3273.080488,14,275.920652
2198.518593,12,275.980655
2230.462295,12,275.987654
2294.953898,12,275.99624
1430.777867,11,276.001515
2257.152852,13,276.007611
996.426618,11,276.1777
1430.868155,11,276.330782
2273.488817,13,276.535507
2467.010427,13,276.719477
1999.864729,11,276.873111
2641.133987,14,277.061269
2718.839785,13,277.248884
1905.133595,11,277.41345
3648.46619,15,277.618323
1733.308777,11,277.779282
1912.785174,12,277.945587
2294.02175,13,278.12887
1770.374352,12,278.293938
2250.44713,13,278.488869
1411.50095,11,278.662702
2650.115854,14,278.874581
1802.13478,12,279.039814
2730.954478,13,279.223605
2738.665667,14,279.424937
2119.115649,13,279.610183
1394.461033,11,279.774405
1933.573602,12,279.946898
2238.13872,12,280.109985
1651.773567,11,280.284267
3076.05479,14,280.486084
2238.572068,13,280.662313
1394.639236,11,280.825638
1678.963417,11,280.989277
2773.556099,13,281.173867
1670.821214,11,281.336956
3167.819934,14,281.539922
2898.450909,14,281.756816
2140.512495,12,281.931188
2262.137534,13,282.135811
2451.69474,13,282.337215
2977.134805,14,282.554419
1659.221774,11,282.71935
2623.136273,13,282.908662
3107.395603,14,283.109478
3250.837396,14,283.331798
1878.172819,11,283.487937
2162.203742,12,283.682294
2868.646141,14,283.8981
1407.85658,11,284.050827
1722.990488,12,284.23486
2935.551839,14,284.429265
2276.962797,12,284.592185
3158.707718,14,284.806242
3147.179102,14,285.015417
2119.639689,12,285.184373
3199.965541,14,285.408608
1478.610215,11,285.573221
2420.803006,13,285.825954
3215.230876,14,286.020432
2247.010363,13,286.197162
1837.031874,11,286.360991
1951.949406,11,286.524133
1513.212589,11,286.697923
2876.48945,14,286.892926
3161.716035,14,287.098058
2421.007257,13,287.292425
2180.689459,12,287.454802
2394.197389,13,287.650635
2300.790552,13,287.834816
2379.560086,13,288.019381
1377.210053,11,288.180506
1767.391122,12,288.346985
2294.76342,12,288.531905
3581.151419,15,288.758141
1354.165018,11,288.931294
2726.223361,14,289.124832
1984.190179,12,289.300275
2865.548749,14,289.494621
2597.273053,14,289.685867
2765.534144,13,289.872754
2972.945561,14,290.066974
2215.503929,12,290.2505
1673.697156,11,290.404027
2160.075595,12,290.567858
2939.493077,14,290.679216
2333.267412,12,290.679216
3268.270114,14,290.692432
1788.516066,11,290.700033
1215.07148,10,290.700033
2700.00726,14,290.929364
2029.262504,12,291.092367
2788.257068,14,291.26062
1415.629426,11,291.429841
3693.356491,15,291.679471
1086.637679,10,291.824004
2363.90182,13,292.037306
2228.309745,13,292.219765
1725.381752,11,292.394761
1655.031222,11,292.584109
2465.875824,13,292.769292
2677.218953,13,292.96465
2751.256978,13,293.19451
2806.104678,14,293.428125
2717.660648,13,293.632165
2480.069938,13,293.874647
3288.343004,14,294.10744
2306.788719,13,294.30268
2511.525193,13,294.517019
3467.22732,15,294.788123
2399.767849,13,295.000921
2740.005694,13,295.203076
3028.243853,14,295.438059
1773.74463,11,295.630947
3336.053767,15,295.832883
2708.993179,14,296.041515
1825.627708,12,296.217469
2197.844461,12,296.381097
3136.338686,14,296.606359
2506.049624,14,296.849964
2572.363877,13,297.052222
2413.25648,13,297.25265
2266.533181,12,297.466121
2336.722546,12,297.635587
2625.397146,14,297.835881
2749.297308,13,298.051743
2564.089916,13,298.252888
2430.028072,13,298.414937
3069.534435,14,298.69047
1823.413931,12,298.890731
2038.219922,12,299.07663
1448.18025,11,299.23846
3595.349337,16,299.613498
3000.408087,14,299.825873
1958.273786,12,300.103673
2492.682169,13,300.328494
1072.772135,10,300.511021
2673.967332,13,300.699896
2463.639864,13,300.893839
2189.989174,13,301.136127
3016.315565,14,301.348337
2311.573522,13,301.531724
1556.370248,11,301.716616
1978.94496,12,301.934483
2802.03092,14,302.208154
2480.475245,13,302.448611
2144.914545,12,302.683378
2779.684432,14,302.903886
2465.007047,13,303.136736
2518.633217,13,303.340859
2498.91282,13,303.535291
2200.662965,12,303.708221
1897.92491,12,303.938622
2601.773175,14,304.144397
3035.560533,15,304.368685
3815.877426,16,304.603264
3652.39053,15,304.847205
2704.764452,13,305.048544
4185.34772,17,305.283231
3214.566891,15,305.506021
2758.908117,14,305.758908
2517.655547,13,305.954025
2552.364276,13,306.153531
2253.69746,12,306.323997
2833.200829,13,306.505707
3036.10658,15,306.756439
1081.921681,10,306.849308
1780.23345,12,306.857535
1756.096172,11,306.866586
2293.524132,13,306.872518
2589.716447,13,306.885261
2376.232914,13,307.122531
3698.770535,15,307.348089
3046.877137,15,307.580616
3688.555282,16,307.811861
2676.868334,13,308.005638
2924.25196,14,308.210044
2195.805396,12,308.371199
2605.713122,14,308.573678
2515.587599,13,308.766745
3633.713907,16,309.004498
4026.887902,16,309.227052
1449.282815,11,309.380609
3028.689074,14,309.594942
2522.089508,13,309.816561
2900.746755,14,310.019134
2723.671495,14,310.235079
2035.337097,12,310.407992
3714.06348,16,310.672363
2771.969251,14,310.874284
1969.26993,12,311.039111
2323.274922,13,311.263192
2579.442777,13,311.456717
2684.700732,13,311.639789
3089.726443,14,311.843178
1904.337959,12,312.05682
3284.203878,14,312.281193
2923.923325,14,312.493914
2266.875925,13,312.696879
2238.390823,13,312.901169
2721.870539,13,313.087147
2764.123624,14,313.309892
2964.302208,14,313.533003
3758.615431,15,313.760149
2830.284392,14,314.002799
2808.190487,14,314.199111
2406.442772,12,314.372247
2387.80709,12,314.557467
3257.255962,15,314.762803
3510.164325,15,314.988417
3437.515749,15,315.192476
2682.098663,13,315.398307
2793.167307,14,315.591602
2947.086179,14,315.794383
2107.371439,13,315.967817
2623.940303,13,316.162479
3671.022687,15,316.367736
2008.805694,12,316.562179
3092.834111,15,316.776572
2229.220658,13,316.96394
2724.138746,13,317.146782
3007.674608,14,317.337267
3700.89263,15,317.553239
2410.745843,13,317.733887
2960.015366,14,317.927262
2819.315349,13,318.119573
3129.547579,14,318.304489
1816.403052,11,318.475767
1929.603905,12,318.659716
4261.28003,16,318.894143
2985.747782,14,319.088534
3622.093311,15,319.324094
2868.431756,14,319.529104
2778.325185,13,319.711715
3632.40668,15,319.915379
2823.333438,14,320.118492
2495.144025,13,320.29225
2652.250873,14,320.514788
2789.025196,14,320.718088
3375.127512,15,320.94377
3722.173165,15,321.170221
2930.007081,14,321.371397
3249.748139,14,321.568277
2718.464424,13,321.728671
2140.082642,12,321.730916
2779.384971,14,321.741721
3451.912234,15,321.750677
2299.146838,13,321.750677
2734.437201,14,321.966034
3494.563039,15,322.182126
3388.378925,15,322.38301
2099.104622,12,322.565089
3255.898193,14,322.777009
2392.111748,13,322.959997
2788.883362,13,323.153738
2252.287698,13,323.328706
1953.198254,12,323.502267
1619.985108,11,323.66339
1721.334007,11,323.816301
2869.635151,14,324.029957
3229.281456,15,324.26596
2801.423512,14,324.459427
4080.477002,16,324.694609
2708.597873,14,324.889132
3672.837154,15,325.105503
1794.654384,12,325.288653
3475.586615,15,325.510629
3235.704059,14,325.705006
3391.641356,15,325.932993
2430.358814,13,326.124843
3532.705159,15,326.331835
3702.39097,15,326.54673
2203.555928,13,326.750988
4140.195208,16,326.97484
3009.858245,14,327.168612
3115.026609,14,327.362702
1933.906686,12,327.552711
3075.91885,14,327.768806
3535.6069,15,327.993184
4000.524468,16,328.269399
2875.693987,14,328.49138
2872.266915,14,328.694823
3302.000266,15,328.891246
2285.363614,12,329.053679
2369.746636,13,329.247385
2614.857664,13,329.442235
3593.552326,15,329.675164
2345.677124,12,329.840761
1492.217215,11,330.026188
3508.737537,15,330.241278
3522.787875,15,330.45649
3967.144744,16,330.693117
3083.752754,15,330.907583
4148.997803,16,331.150748
3105.821976,15,331.359091
3219.621971,15,331.584804
3318.365292,15,331.809554
3642.699128,15,332.013183
2590.76693,13,332.207487
3226.520338,14,332.429897
3762.245219,15,332.643299
3254.465762,15,332.876114
3083.255798,14,333.062918
2902.307689,14,333.274714
4196.840321,16,333.520638
1505.436375,11,333.67656
4199.668584,16,333.92158
2878.359229,13,334.095622
3307.059979,14,334.31066
2733.952732,14,334.494406
2730.610775,14,334.69816
3734.461362,15,334.903134
4015.425198,16,335.118085
2096.536114,12,335.282155
2252.753961,13,335.465862
2689.20414,13,335.651116
2802.789288,13,335.864273
2745.124829,13,336.0402
3227.317073,14,336.234881
2484.682521,13,336.365938
2878.223128,14,336.36803
2765.277914,14,336.382131
2554.695546,13,336.387802
2533.39866,13,336.3947
1676.894134,12,336.573266
2700.061798,14,336.764523
3513.937789,15,336.980995
3865.190679,16,337.214102
3603.036788,16,337.439836
2939.608176,14,337.643795
2827.044591,14,337.830257
3455.489882,15,338.043895
3691.330883,16,338.268963
2183.06777,12,338.443052
3291.863385,15,338.663933
2356.180452,13,338.867409
2985.725299,14,339.101902
2990.022023,14,339.307162
2159.57952,12,339.499323
3574.304025,15,339.743007
2291.363254,13,339.92932
4109.454488,17,340.213732
2934.057033,14,340.414293
4129.325374,16,340.651622
3476.92425,15,340.866883
3137.063936,15,341.108701
1897.354025,12,341.28274
3979.491935,16,341.525181
2095.117203,12,341.701227
2530.872533,14,341.914557
3601.379508,15,342.158318
2682.162943,14,342.381674
2969.896296,14,342.596136
3146.198449,15,342.812434
3675.150621,15,343.027459
2709.002692,13,343.282625
2571.258958,13,343.446043
3579.426164,15,343.681864
3094.718404,14,343.887356
4018.669791,16,344.101804
3884.523491,16,344.317349
3739.923207,16,344.5521
2816.149261,13,344.745633
2365.859567,13,344.929439
3778.25863,16,345.165128
3547.581881,15,345.369677
3727.439154,15,345.586022
4246.686068,16,345.809364
3971.86276,16,346.025741
3114.547836,15,346.259352
3674.159732,15,346.46227
3111.906665,14,346.658118
2760.662497,13,346.853419
2688.640136,14,347.05765
2576.152085,13,347.239609
3489.544736,15,347.466532
4250.325961,17,347.722921
2802.200059,14,347.937131
3721.109417,15,348.152199
3162.171821,14,348.336506
3345.848981,15,348.539512
2840.658445,14,348.744047
3599.971769,16,348.95801
2392.886704,13,349.15283
3697.612083,16,349.355804
3031.644993,14,349.570313
3846.617507,15,349.785787
4276.414862,16,350.010237
3743.385353,16,350.24244
3110.087675,15,350.472266
3393.166195,15,350.684885
2709.660197,13,350.878619
1914.440669,12,351.053586
3060.528069,14,351.063836
1862.076612,12,351.074269
2308.929776,13,351.08055
3090.982568,14,351.08555
2621.156684,13,351.096297
3517.371875,16,351.326374
3496.896659,16,351.551598
4014.721147,16,351.785905
3091.392727,14,351.979575
3315.094905,15,352.193736
3441.071264,15,352.407997
3757.207919,15,352.63059
3183.471583,14,352.837909
3521.257496,15,353.073826
4108.570649,16,353.337066
3439.817264,15,353.555707
3304.209311,14,353.771868
4238.021395,16,354.015818
3218.392567,14,354.209777
4128.095489,16,354.442286
3302.145677,14,354.645555
5586.714543,19,354.913081
2424.949505,13,355.107832
3486.247442,16,355.322212
2610.915121,13,355.527081
3655.44927,16,355.773243
3233.669369,15,356.018225
4222.824923,17,356.272716
3458.363019,15,356.467975
3279.062983,14,356.671818
5157.836923,18,356.917579
3725.491936,16,357.161586
4278.534402,17,357.406553
3863.594443,16,357.633528
4199.392169,16,357.878337
5278.782193,18,358.154481
3771.208638,16,358.426309
4236.941685,17,358.700149
3797.168615,15,358.942775
3258.008638,14,359.146839
2521.845412,13,359.350769
4588.358895,17,359.621174
3884.860625,15,359.85348
2592.988523,13,360.053047
2934.104389,14,360.296173
1990.341707,12,360.486079
3424.241926,15,360.713185
2638.108213,13,360.909027
2837.279925,14,361.129448
3685.46819,16,361.416454
4483.398915,17,361.698972
4285.341263,16,361.93238
3681.258102,16,362.174964
4251.94941,16,362.432557
3543.24432,16,362.665284
2693.354841,14,362.871818
4483.727068,17,363.115927
2811.702493,14,363.331008
4544.502388,17,363.587018
4538.150657,17,363.852583
3251.949013,14,364.077202
3066.31172,14,364.290339
2723.676737,13,364.486629
3945.695071,16,364.732518
3717.675295,15,364.935961
1883.586945,12,365.120718
3722.128371,15,365.345243
3800.21802,16,365.578752
3693.469602,16,365.827681
4010.097258,16,366.06318
4055.652013,16,366.206622
4830.973662,17,366.216827
4156.075021,16,366.225104
4300.199588,16,366.2341
4179.144013,17,366.236176
1968.601474,14,366.442135
2871.554738,14,366.656691
3312.496669,15,366.872751
4280.446967,16,367.118458
4559.601252,17,367.363669
4061.140625,16,367.608966
4358.670825,17,367.864152
3317.186721,14,368.068133
4788.426892,17,368.350508
4147.068398,17,368.627136
4179.277574,16,368.860183
4079.879324,17,369.126575
3355.268277,15,369.33992
4244.704916,16,369.575077
3727.522823,16,369.837994
3818.532079,15,370.083655
3958.500734,16,370.309131
3272.018132,14,370.5306
4433.998623,17,370.78588
4069.878647,16,371.036837
4604.796223,17,371.261395
5090.423676,18,371.546046
3741.013216,15,371.759743
4577.207529,17,372.034765
3821.794567,15,372.237294
2972.915744,14,372.439509
3547.5218,15,372.66352
3153.326793,14,372.860332
3658.019998,16,373.084573
4325.012225,16,373.297975
4572.991852,18,373.553442
1910.293442,12,373.787521
2908.400479,14,373.993207
3743.568714,16,374.205629
3481.787465,15,374.42281
2464.691694,13,374.618047
4079.481501,17,374.883158
3743.280603,16,375.098681
4194.508878,17,375.342847
4157.143839,16,375.616905
3970.218461,16,375.860327
4079.451164,17,376.125062
4736.729609,17,376.367743
4268.776535,17,376.650925
3571.241013,15,376.881785
3292.041259,14,377.086829
5157.020619,18,377.351503
4188.746052,16,377.60194
4128.672525,17,377.856527
3717.227933,15,378.080263
3604.416312,15,378.311447
4102.048556,17,378.579969
3162.455718,15,378.805436
2686.543675,14,378.989567
5511.79232,19,379.29309
3621.862541,15,379.497868
5138.683206,18,379.783612
5233.578668,18,380.029533
2875.479461,14,380.223339
4486.219304,17,380.489751
5168.698784,18,380.76455
4095.099477,17,381.012653
3736.706413,15,381.224409
4667.679879,17,381.226643
5280.673904,18,381.24056
3599.188837,15,381.251108
3915.070791,16,381.257349
4792.791109,17,381.268017
3498.731155,15,381.492386
3479.909264,15,381.707694
2355.613801,13,381.892245
4639.186464,17,382.117612
3221.123841,15,382.398967
3000.279503,14,382.634562
5075.212294,18,382.908118
4292.930323,17,383.178934
4288.649304,16,383.487713
4703.932008,18,383.815147
3488.316197,16,384.089588
3069.331018,14,384.284184
3453.891283,15,384.516086
3265.819019,15,384.731824
4361.437397,17,384.996845
3166.455973,15,385.210372
4582.169288,17,385.454756
3039.808847,14,385.659113
4843.086544,18,385.903874
5086.281472,18,386.148378
4935.626636,18,386.399805
3732.626337,16,386.60411
5325.764185,18,386.847967
3162.44084,14,387.031172
4399.583844,17,387.283526
2939.635646,14,387.489153
3829.658156,15,387.703316
4164.788006,16,387.915766
3633.839363,15,388.159735
5575.760284,19,388.407138
4569.060805,17,388.67312
5652.006628,19,388.938444
4272.828204,17,389.192368
3526.42484,15,389.396917
4233.717097,17,389.632468
4026.811336,16,389.877115
5111.493788,18,390.161242
4547.618909,17,390.405132
3708.78223,16,390.674305
4633.638194,17,390.907027
4314.645986,17,391.163956
4178.053045,16,391.410387
2920.925418,14,391.624575
5069.283405,19,391.88766
4862.012902,18,392.166886
4531.751119,17,392.404469
3781.790474,16,392.639849
4986.703039,18,392.876251
4656.943857,18,393.121546
3132.276515,15,393.356624
4292.006367,17,393.592098
4622.033391,17,393.838531
4369.559325,17,394.095096
4304.921297,17,394.340606
5143.268783,18,394.594553
5755.809643,19,394.863037
5207.639882,18,395.126787
4135.037397,16,395.363657
3470.909515,15,395.569521
4215.958912,17,395.813846
5602.757149,19,396.028753
4708.468724,18,396.043316
3800.667093,16,396.053881
4274.56169,16,396.057449
3268.245307,15,396.069841
4975.539527,18,396.336055
3797.745381,16,396.558994
4263.467556,16,396.77252
3831.052917,16,397.007931
3827.7458,16,397.255184
3906.420768,16,397.479743
3415.528796,15,397.694077
2832.117433,14,397.888598
5662.734752,19,398.151408
5417.306949,19,398.418774
4474.9003,17,398.650794
3428.240405,15,398.856146
3258.640845,14,399.069312
4804.522772,17,399.29422
4696.087565,18,399.550648
3789.905601,16,399.765608
2440.655681,13,399.960364
4629.495851,18,400.224611
4469.622288,17,400.448634
3994.81148,16,400.673171
3566.240557,15,400.888347
5009.410452,18,401.144259
4807.336562,18,401.400801
4357.017809,17,401.655523
4809.808269,18,401.933035
3500.246015,16,402.188228
4178.521387,17,402.454233
5772.361832,19,402.720018
3603.321272,15,402.941665
4455.070542,17,403.187617
4101.922646,17,403.479619
6152.21301,21,403.807003
4532.521437,17,404.072161
3977.252322,16,404.346465
3709.430854,16,404.568977
5504.994647,19,404.849358
5421.777739,19,405.153854
4630.200774,18,405.398741
4374.976171,17,405.632894
6279.957372,20,405.926742
3982.90778,16,406.174004
5136.895234,18,406.452214
5400.095405,19,406.72511
5487.293624,19,407.011912
4495.27752,17,407.292909
5325.359075,19,407.588699
5102.366286,19,407.916706
4990.563908,18,408.182381
3995.839911,16,408.444815
6343.362722,20,408.711561
3571.520431,15,408.922646
5878.492578,20,409.201083
4987.124138,18,409.456505
4349.926446,17,409.701287
5187.320252,18,409.967049
5019.626542,18,410.222158
5281.131848,19,410.497596
3918.154049,16,410.732133
4402.891474,17,410.781399
5773.539565,19,410.792826
4815.963466,17,410.803406
4235.543791,17,410.812089
4227.895693,17,410.822492
2093.330386,14,411.058695
5686.327275,19,411.324541
4799.466991,17,411.588725
5016.097638,18,411.854696
5329.85457,18,412.106495
4614.655357,18,412.383734
5417.378505,19,412.670953
5367.53236,19,412.944107
4679.387409,18,413.191019
5251.13519,18,413.44764
4600.838954,17,413.711203
4805.692028,17,413.957877
5616.626863,19,414.255647
5221.333666,19,414.532317
4072.595521,16,414.766516
5195.02134,19,415.032738
6234.573879,21,415.327517
5895.079638,19,415.61413
4700.569557,17,415.87358
3684.275198,16,416.117767
3994.280355,16,416.332189
5753.048579,19,416.599518
6326.747341,20,416.913955
5301.144245,19,417.169598
5378.375794,18,417.417043
5704.710574,20,417.711432
5595.208451,19,417.997735
4023.394296,16,418.222319
6586.127848,21,418.502269
5227.205491,19,418.788986
5780.353794,19,419.038743
6015.704706,20,419.31428
6263.604488,20,419.577778
5588.031151,19,419.850411
5593.007763,19,420.109115
5441.925628,19,420.39428
5342.985379,19,420.659647
6828.21255,21,420.954735
4692.339751,18,421.222716
5764.165937,20,421.494125
6084.786954,20,421.780412
6428.770179,20,422.076214
4043.181935,16,422.323398
4263.942605,17,422.565089
4415.293178,17,422.79092
5340.361675,19,423.076406
5179.620591,18,423.351138
5677.223907,19,423.596709
6241.919163,21,423.920956
6011.186543,20,424.224828
6039.325284,20,424.499845
5851.867536,20,424.805268
2802.627728,14,425.081517
4485.430448,17,425.358781
6319.593659,21,425.419241
6986.132225,22,425.442406
6015.747303,20,425.454811
6186.909727,20,425.459904
6679.755875,21,425.471835
2716.701918,15,425.706673
5467.974595,19,426.006092
6767.725219,21,426.337684
6328.662804,21,426.670439
5815.593199,19,426.947253
6269.015746,21,427.271546
6880.328797,21,427.607651
5124.826939,18,427.873787
5358.558311,19,428.14002
5030.266519,18,428.383638
6138.931875,20,428.679578
6346.66792,20,428.961044
5669.904644,20,429.268902
6897.981529,22,429.565584
6180.831865,20,429.848473
6911.257119,22,430.146487
6832.86985,21,430.442611
6801.295828,22,430.784609
6224.846058,21,431.08416
5906.021393,19,431.363092
4981.222376,18,431.64009
6846.533981,21,431.938881
6159.636728,20,432.211766
7408.804028,22,432.508896
4759.474641,18,432.78359
4717.796839,18,433.068704
7234.671052,22,433.403968
5885.410488,20,433.679707
6442.158132,21,434.003298
4883.866515,18,434.269461
6314.954376,21,434.594698
6203.533907,20,434.870342
5833.545518,20,435.171803
6799.951734,21,435.465546
6733.876842,22,435.792111
6937.816442,21,436.115482
5453.199911,19,436.428634
6183.963731,20,436.70561
7313.403241,22,437.06091
3938.622885,16,437.298685
5787.604493,19,437.594951
6835.302651,22,437.880009
6803.706906,21,438.198083
5176.018345,19,438.471939
5240.752006,18,438.739662
4228.334555,17,438.96478
6280.590359,20,439.2786
4903.932693,18,439.516709
6313.699949,20,439.812998
5882.685908,20,440.088182
6681.514917,21,440.200663
5943.233613,19,440.210898
6292.800696,21,440.224073
6822.009271,21,440.236661
6190.976238,20,440.241526
1333.12951,12,440.426905
6114.023634,20,440.721997
5248.083543,19,440.988324
6580.68484,21,441.30363
5995.965574,20,441.620079
5870.170634,20,441.953355
7384.425605,22,442.300281
7394.033182,22,442.623818
5202.962446,19,442.902197
6226.230095,20,443.175963
5262.602399,18,443.441641
7609.634922,23,443.791384
6230.190984,21,444.123667
5979.789257,20,444.472928
6743.617232,21,444.759323
6090.947461,20,445.073802
6901.944406,21,445.378608
5411.832018,19,445.652431
7233.303715,22,445.9572
4887.321008,18,446.213883
7262.774528,22,446.519762
7396.820637,22,446.866343
7195.84357,22,447.194421
6842.969355,21,447.495451
8016.295687,23,447.822147
4993.189394,18,448.086104
7165.93789,22,448.431809
6206.426978,20,448.709513
7948.195399,23,449.036322
7241.032842,23,449.370524
8089.738593,24,449.743247
7586.248047,23,450.079554
7566.213879,22,450.38692
6120.344652,20,450.66298
7515.173557,23,450.987618
7416.352312,23,451.314068
7856.063331,23,451.634551
7652.697363,23,451.974967
6914.228028,22,452.300373
7850.884966,23,452.627091
5884.569016,19,452.892071
7971.526226,23,453.220114
5843.966738,20,453.515955
7412.161047,22,453.833608
7259.782976,23,454.148935
6498.257421,21,454.453576
5584.823179,19,454.720704
7529.715812,22,454.923037
7976.622223,23,454.935356
7573.945969,23,454.943393
7324.288217,23,454.955398
7294.466772,22,454.969851
6848.807827,22,455.298064
6007.734702,20,455.567878
7549.646067,23,455.89189
8642.731145,24,456.215497
8200.037249,24,456.55637
7186.261031,22,456.878484
8438.654227,24,457.216452
5358.458187,19,457.51107
8030.103189,23,457.838934
7983.221109,23,458.157825
6983.723913,22,458.475245
7049.559157,22,458.781845
6894.468885,22,459.077159
7453.961678,22,459.405016
6829.156052,22,459.721302
7388.719711,22,460.048647
7418.58935,22,460.375
6828.831355,22,460.701845
7908.590194,24,461.029262
7358.683275,22,461.33654
7682.298095,23,461.651712
7907.129924,23,462.002559
7464.630295,23,462.307896
5528.602015,19,462.585803
6783.784185,21,462.890263
8356.532589,24,463.238138
6698.601639,21,463.512479
5219.476085,19,463.788506
7357.346626,22,464.115456
8073.247305,24,464.434076
7935.332286,23,464.760389
7209.16808,22,465.08914
6300.92197,21,465.392525
8714.844686,25,465.749988
9278.567781,25,466.121633
7563.994502,22,466.497643
6907.041568,21,466.809305
8627.171227,24,467.161602
8258.514402,24,467.487127
8272.147404,24,467.837194
8807.053283,25,468.194262
9158.392409,26,468.571984
6836.05066,21,468.879434
8660.193114,25,469.252192
7642.8158,23,469.395413
7951.474761,23,469.405736
7938.480429,23,469.424239
8157.987394,24,469.436589
7190.721978,22,469.44493
8250.319142,24,469.802004
7912.4228,23,470.149651
8619.749443,25,470.489514
8586.52928,24,470.856995
7764.119709,23,471.2037
8180.405823,24,471.585579
7263.823384,22,471.892677
7597.4949,22,472.210019
7089.393905,22,472.564683
7933.225578,23,472.909633
8229.259545,24,473.256915
9079.455432,25,473.638165
8936.728094,25,473.985916
4930.290911,18,474.226321
8589.941003,24,474.578156
9221.333891,25,474.945119
9146.635353,26,475.323073
8795.059324,25,475.651565
9168.328083,25,476.005601
9189.191757,25,476.383978
7527.371877,22,476.688433
7962.587785,23,477.027836
7000.920961,22,477.354761
8307.706745,24,477.682926
7912.078754,23,478.019718
7386.264173,22,478.32678
9459.028302,26,478.705877
8860.479451,25,479.051065
8650.657841,24,479.387813
9948.9889,26,479.732124
7550.174484,22,480.081857
8132.76251,24,480.419315
10109.534189,27,480.81861
7466.630849,22,481.144435
8012.40676,24,481.473104
10621.748792,28,481.867182
9261.397657,25,482.224144
8833.368083,25,482.5929
6531.303018,21,482.889513
9872.574324,26,483.277243
9104.85203,26,483.645992
9818.559512,26,483.933452
10487.347871,27,483.95576
10504.931084,27,483.970765
11220.54488,29,483.988132
10127.478175,27,483.992388
10895.851901,28,484.413601
10651.580613,28,484.800832
11006.574667,28,485.21898
9320.511752,25,485.580199
10410.948924,28,485.959373
8345.96956,24,486.255354
11794.007122,29,486.700758
10531.476934,27,487.058617
9149.616045,26,487.460645
14329.159049,34,487.938095
9423.081299,26,488.309206
10949.434604,28,488.685075
10361.395735,27,489.057402
12574.674052,30,489.485021
10049.601222,27,489.842534
8151.439422,23,490.18765
10831.907632,28,490.65327
9042.388554,25,491.004898
9144.56267,25,491.406143
11514.265607,29,491.881424
8570.471123,25,492.270508
9704.547365,27,492.666315
10058.038277,27,493.057658
11506.9869,29,493.453474
10196.34984,27,493.840246
12363.376972,30,494.259634
13259.627692,32,494.708741
12065.286515,30,495.126613
12001.608694,30,495.553108
11554.897959,29,495.963988
13871.498971,33,496.440738
13789.837575,32,496.891379
11469.33065,29,497.311741
12038.731392,30,497.741825
9855.187801,26,498.109231
13904.030974,32,498.408991
12724.987318,31,498.428203
13693.057272,32,498.440613
13517.10606,32,498.461218
13895.223529,32,498.472296
16904.131301,39,499.004878
11191.502559,29,499.426168
18677.995266,40,500.048485
10149.816891,27,500.424134
17631.672294,39,500.987747
11196.197143,28,501.405052
11786.574547,29,501.852216
13899.406663,33,502.350929
12668.538732,31,502.816751
14200.771014,32,503.244677
17932.479889,38,503.83426
21038.285678,42,504.459347
11527.912836,29,504.847679
12850.981262,31,505.256542
21325.915652,43,505.837338
21276.756297,43,506.459464
20501.048992,41,507.041787
23191.994685,45,507.703751
24737.453776,47,508.436538
23966.858233,46,509.140617
32521.184778,52,509.875661
32064.365665,52,510.659466
22971.720472,45,511.336359
27250.438459,49,512.037142
24840.918033,48,512.700777
32668.629002,52,513.047716
32862.005941,51,513.072183
32306.587858,50,513.098767
32477.098966,50,513.124745
31997.119615,51,513.149204
463.167347,10,513.303146
32230.656828,51,514.028607
30559.147362,52,514.784648
28745.333286,50,515.467449
32001.445486,51,516.186738
32307.580614,52,516.942024
32322.923341,52,517.687954
32117.995154,51,518.406636
31418.827124,60,519.244482
32993.462558,51,520.017851
31519.403005,51,520.742435
32864.190154,51,521.468812
31284.9803,64,522.366349
32771.171908,50,523.104347
32283.711033,50,523.80533
32964.607196,53,524.576632
32169.559591,51,525.305947
31732.72235,51,526.033725
32497.699808,51,526.751869
32880.571475,51,527.424809
32250.760599,51,527.455947
32955.920288,51,527.484505
31855.706665,51,527.511291
32306.47223,52,527.535413
32743.503376,52,528.26992
32244.207313,51,528.984996
32205.005922,51,529.709602
30351.610785,77,530.808973
31792.479264,51,531.531393
31298.723611,86,532.739519
31895.263039,52,533.497439
32224.915305,51,534.254666
32245.559539,50,534.940333
32226.275797,99,536.404565
32274.732603,50,537.161057
33018.557857,52,537.953304
32077.288757,51,538.70886
33022.291383,51,539.447288
32442.521488,51,540.170967
32006.576738,51,540.911185
32387.478761,51,541.616452
32745.507122,52,541.974592
33566.232813,51,542.006652
32869.677235,52,542.040281
32610.155388,51,542.068085
32785.761999,51,542.094126
32317.599503,89,543.397461
31916.689165,51,544.101029
32562.364477,51,544.846578
33068.155066,52,545.582259
33048.937222,51,546.244087
32921.681857,51,546.991868
33144.699361,52,547.729104
33138.825586,51,548.47238
33494.950281,51,549.207335
32373.044229,52,549.971562
31798.583238,61,550.807294
32379.043394,50,551.527582
31425.179447,56,552.292924
32364.286756,50,553.186582
32442.916353,51,553.904142
33461.999334,51,554.66318
31978.048782,51,555.445636
33476.334991,52,556.209441
32593.579913,51,556.657305
32828.446718,52,556.677881
32636.996945,51,556.711232
32841.42389,52,556.737027
33011.445671,51,556.770634
32958.319922,51,557.60679
31732.936733,51,558.362385
32387.628952,51,559.137948
32853.322532,50,559.974402
32528.770214,51,560.79622
33284.434006,51,561.541409
32073.135332,50,562.226763
25002.50344,45,562.868073
32239.238516,51,563.588616
32920.694073,51,564.321426
33129.313432,51,565.005814
31462.868384,85,566.226783
32379.007858,50,567.010115
32163.138486,73,568.138786
32063.201459,51,568.914424
32934.387302,51,569.698177
33545.371499,52,570.434873
31832.348434,67,571.385104
32557.50276,51,571.690706
32829.816618,51,571.721046
32360.238294,50,571.747592
32005.316467,50,571.774139
32317.986132,52,571.797708
33261.946776,52,572.528817
32995.160671,50,573.254674
32569.385773,51,574.047205
32533.734687,51,574.784608
17443.646623,42,575.427296
31392.396321,76,576.547918
33085.337264,52,577.322284
33250.05172,52,578.050297
31567.464904,76,579.121274
28277.164769,49,579.812795
32409.163779,50,580.540987
32742.591772,52,581.309282
18423.497187,44,581.933821
32673.672592,50,582.618962
32295.036795,51,583.34418
32057.148181,51,584.103974
18918.193919,44,584.694763
32124.403111,50,585.40885
32284.287018,50,586.102712
32413.722761,50,586.245687
33160.23535,52,586.27617
33023.028835,50,586.297133
30885.821819,67,586.335931
30776.174026,67,586.363204
33282.060006,52,587.104329
32166.013699,50,587.82787
32364.934026,50,588.529879
32188.943431,51,589.25396
33183.963723,52,589.968678
31561.304744,63,590.900582
32391.102371,51,591.616044
32216.754693,50,592.321532
31654.161435,58,593.149834
18901.082853,44,593.763089
26320.811812,47,594.416723
31440.128404,69,595.345361
32506.135326,50,596.034004
32267.143182,51,596.768739
32277.271208,50,597.45375
31300.26692,66,598.388457
31062.66727,55,599.203291
18543.512065,44,599.816422
32928.232274,51,600.559238
32934.266464,50,600.641717
33263.743147,51,600.674358
32731.636216,51,600.697693
33259.296507,51,600.730292
31596.21739,56,601.62542
25660.325126,46,602.310873
17871.447036,42,602.915399
31993.018637,50,603.690286
18975.659903,44,604.37127
31437.130398,64,605.32787
32457.34878,50,606.054526
18896.797544,44,606.688216
33312.674753,51,607.391367
18389.607651,44,608.058479
18132.813276,44,608.701929
32984.23501,52,609.394997
18482.394838,43,610.007424
18040.561504,43,610.620089
17721.328967,43,611.211241
32721.503681,51,611.946902
33197.952823,51,612.658211
32819.519198,50,613.355208
17688.556009,42,613.936244
18212.756775,44,614.559907
32901.390724,51,615.256659
32785.225091,51,615.288679
32232.520093,49,615.314479
32359.209665,50,615.341671
32885.269587,50,615.366234
32383.71129,51,616.093374
17376.325999,42,616.678068
18518.903139,44,617.2832
17934.769069,43,617.871574
32663.265453,52,618.599226
18559.111171,44,619.252634
32724.411969,51,619.984422
33568.899541,51,620.701025
27730.306243,48,621.363149
32702.794555,52,622.133215
33040.310477,51,622.923852
17950.962772,43,623.602899
17869.141578,43,624.245528
18533.237784,44,624.875576
32662.339835,50,625.589389
18886.469806,44,626.222772
18504.647989,43,626.835224
18605.444777,44,627.469904
17945.781995,42,628.075102
18685.901823,44,628.698529
17516.255293,42,629.272185
18338.27966,44,629.753083
18185.20287,43,629.78175
19409.066696,45,629.804594
18368.52323,43,629.827242
18430.831785,43,629.850281
19743.395979,46,630.521382
17583.114442,43,631.123068
17819.982208,43,631.696243
17348.434222,42,632.336895
17683.909364,42,632.974434
17643.412089,43,633.602523
32872.329025,51,634.322599
17238.287008,41,634.883298
17363.713106,42,635.513116
24949.496768,45,636.208117
17805.408371,43,636.841665
17848.61083,42,637.429689
17974.65012,43,638.022557
25927.226948,47,638.686189
17764.722072,43,639.356059
17307.469283,42,640.024407
18051.966108,43,640.638966
17676.809386,43,641.298964
17604.563337,42,641.948842
18303.126234,43,642.562288
21835.182347,42,643.146505
18571.420417,43,643.731688
18492.416846,44,644.310853
17655.126586,43,644.363407
17468.550407,42,644.383933
17972.330544,43,644.405162
18088.405307,43,644.431625
17771.794693,42,644.449965
16965.006758,43,645.090826
17218.551066,42,645.6706
17233.791388,42,646.283241
19268.789318,39,646.822485
16997.525731,42,647.413928
18155.619375,43,648.026925
21628.453512,41,648.627431
17447.473523,43,649.271077
18565.908993,43,649.897258
21009.314048,41,650.48856
19150.003106,44,651.111764
22455.709236,43,651.734224
18726.084494,44,652.399393
17135.727301,41,652.97136
17662.956488,43,653.582941
18318.154659,44,654.224997
18252.358492,44,654.836959
17135.477956,42,655.494066
32850.829481,52,656.239877
18701.552407,44,656.870749
32959.132547,50,657.576055
21321.15141,41,658.190488
17647.118931,43,658.802221
18871.61913,44,658.905085
17240.020482,42,658.925541
17728.679344,42,658.948531
17030.204061,41,658.96712
17679.025965,43,658.987012
17970.810592,43,659.609977
17837.502948,43,660.227182
17949.23682,43,660.871141
17103.122927,42,661.441657
17990.026075,43,662.101493
29725.986744,50,662.838124
33116.875616,50,663.594245
19676.050184,39,664.17543
17433.267515,42,664.809665
19253.743778,44,665.432807
21945.73188,42,666.048005
17851.032265,43,666.671478
18067.605968,43,667.32381
19311.170446,45,668.012599
21092.149545,41,668.604757
18127.35295,43,669.225089
17532.552614,42,669.861838
19649.686421,38,670.424168
19573.796426,45,671.074524
19149.855154,44,671.683367
17375.468451,42,672.294694
17894.57582,43,672.948345
17861.148821,43,673.590868
17713.002606,43,673.715936
16904.373031,41,673.740228
17705.402113,43,673.761677
18366.609933,43,673.783823
16987.035313,41,673.801274
25835.197405,47,674.526445
17093.226067,41,675.111845
17700.025476,42,675.670078
32803.363166,50,676.37867
18731.567178,44,677.023745
17160.114443,42,677.635644
32271.919332,49,678.351182
17583.046124,42,678.94411
33565.954188,51,679.677287
18683.012351,44,680.333737
17816.398712,43,680.94677
18603.074289,43,681.538933
30321.544159,50,682.265093
18243.606103,43,682.886107
17883.126451,42,683.5151
17156.073479,41,684.076949
19672.793352,40,684.66892
17996.925443,43,685.269336
21811.282735,41,685.830409
20734.628039,40,686.427079
18110.732794,37,686.958254
17763.342442,42,687.580695
33271.60183,51,688.292035
18944.753287,44,688.31653
19046.484184,44,688.343332
19303.103007,44,688.368628
19271.609752,45,688.394837
32470.908059,53,689.170227
26981.177058,48,689.86924
32985.880756,51,690.614403
18555.346021,44,691.280505
20634.723882,40,691.831734
17602.67252,42,692.443372
33751.763535,51,693.171337
18213.766305,43,693.777782
17684.334132,43,694.390974
18095.746623,43,695.033893
19403.333008,39,695.585505
19363.55768,38,696.157445
17766.831901,42,696.769474
18183.437416,43,697.438065
33321.375376,52,698.220875
17792.631968,43,698.863031
17220.292054,42,699.525303
17734.328285,42,700.15572
30853.497701,66,701.079794
32861.713877,51,701.804699
18155.51877,43,702.438164
32960.505629,51,703.040103
32511.824828,51,703.071094
32098.018374,51,703.099573
32428.134231,51,703.117856
32710.72574,52,703.152205
16917.389525,42,703.799502
17726.309422,43,704.459226
31747.970536,64,705.424705
32962.332718,52,706.199159
17637.21366,36,706.73815
32224.952214,51,707.461391
17736.425864,43,708.139885
32914.086852,51,708.955561
18968.32479,44,709.58188
32797.927625,50,710.305804
17215.939619,42,710.928152
32562.861361,50,711.611231
32406.836823,51,712.344126
32123.603821,51,713.049747
23108.750065,44,713.673809
32198.420573,51,714.382778
18000.962926,43,715.007048
33463.789655,52,715.7417
31923.554259,50,716.478684
30866.003781,53,717.182641
33853.493004,51,717.721556
19461.658915,44,717.745872
33135.251391,52,717.773675
32394.413776,50,717.799046
32576.530542,50,717.824107
29715.308867,52,718.54988
33188.51889,51,719.263367
32197.816848,52,720.085925
32715.002609,50,720.784636
32778.383428,51,721.540418
32085.605592,51,722.289246
32250.311218,51,723.037508
32652.033315,51,723.793119
32181.519471,51,724.550761
31896.868793,51,725.268695
32491.637398,51,725.979513
32829.261864,51,726.730361
29600.103735,51,727.426255
32621.673223,51,728.179539
33038.938197,52,728.925498
32790.977854,51,729.657841
32734.267792,51,730.368009
25251.235852,46,731.031383
32394.529829,52,731.71425
32186.612603,50,732.203412
32588.86982,52,732.232354
33292.947009,53,732.262685
32806.650013,113,732.333498
33754.753187,52,732.363118
32204.609142,52,733.1717
32869.39339,53,733.988667
32327.276182,51,734.7126
32294.784195,52,735.452609
32743.687904,53,736.249257
30324.545935,52,736.989297
29049.490119,50,737.697671
32063.499791,52,738.431417
31902.109573,52,739.167381
32807.977021,51,739.901073
32456.575086,52,740.6435
32454.112093,52,741.378174
30348.016547,52,742.120794
32492.208813,52,742.859115
31985.288327,52,743.600471
32707.239177,51,744.332109
28753.717259,51,745.025028
32402.789526,53,745.778075
32304.824213,52,746.553605
31332.03395,59,746.818426
33129.346647,52,746.849205
31820.885302,50,746.870349
32597.112992,51,746.932201
32351.340352,51,746.97168
