#{"t_start": 1749829741.4038556, "env_id": "None"}
r,l,t
-875.351388,8,1.002331
-890.546306,8,1.002331
-355.643615,5,1.005881
-512.58008,7,1.007579
-265.23942,4,1.011095
-41.860103,7,1.013973
1580.459977,11,1.016943
-696.731441,8,1.018942
-339.346368,5,1.023572
-428.797216,9,1.02696
634.61342,8,1.027728
94.597119,6,1.030982
431.591971,6,1.035796
-264.025756,9,1.038818
140.565104,7,1.138412
-1034.307258,10,1.255887
-596.398149,7,1.371595
85.437349,5,1.43828
-1406.321359,11,1.578971
-128.152315,4,1.637989
-904.851064,10,1.774
-342.788133,5,1.844327
-206.425418,4,1.90384
398.320674,10,2.029567
-383.716605,5,2.116666
336.741474,5,2.188249
-352.928221,5,2.253859
-17.511123,4,2.316611
-309.766566,5,2.392323
-360.254867,5,2.457763
-388.006522,9,2.575048
217.851895,5,2.644334
-678.494032,9,2.768888
17.145934,6,2.850199
-145.556558,4,2.912039
-237.168859,8,3.014617
-651.052789,7,3.11831
231.846904,5,3.188108
-655.862008,8,3.281942
-48.333167,5,3.352035
410.018457,6,3.505581
-650.759461,9,3.657731
335.20297,6,3.741722
177.142671,6,3.83229
129.735946,5,3.901683
71.801929,7,4.013733
-39.418063,7,4.104736
-133.5975,5,4.180599
169.150279,4,4.238752
150.814776,4,4.30204
535.631857,7,4.391288
254.962785,7,4.483871
-90.124226,4,4.544286
-63.118355,6,4.627372
238.091139,5,4.681449
5.816407,4,4.744623
-22.902644,4,4.803895
-26.55414,4,4.913882
182.613845,5,4.979593
128.319786,4,5.031387
145.050243,4,5.083234
-100.812275,4,5.151841
179.228664,4,5.199375
9.715345,4,5.261112
-52.033612,4,5.316416
133.364622,4,5.387501
-83.392953,5,5.456137
159.158604,4,5.514198
25.871648,4,5.572484
-35.302828,5,5.643019
-49.169985,6,5.722742
219.259269,4,5.778556
179.737493,4,5.838075
133.143977,4,5.901689
160.835167,4,5.954274
35.34339,4,6.010017
-62.838309,4,6.066313
117.484976,4,6.133561
-51.093911,4,6.188987
126.236707,4,6.245444
207.34292,4,6.302384
153.068087,4,6.369083
79.551617,4,6.426545
-64.460176,4,6.486536
-8.560854,4,6.540413
60.411822,3,6.589709
74.337817,3,6.632004
127.573038,4,6.682523
34.565849,4,6.745475
-16.603811,4,6.804964
27.849394,3,6.840927
89.08122,5,6.916651
24.864399,4,6.972705
143.612881,4,7.036482
192.244545,4,7.090607
8.173209,4,7.148041
23.250705,4,7.203552
-4.392037,4,7.259913
-1.971508,4,7.304431
120.453224,4,7.369445
11.05051,3,7.415608
178.763484,4,7.477971
-65.946101,4,7.532853
32.307284,4,7.587294
22.752668,3,7.631277
123.855163,4,7.682782
107.598082,4,7.746593
41.244148,4,7.805245
35.511799,4,7.850063
-23.754374,4,7.918934
-17.128524,4,7.970985
74.616859,4,8.023928
30.975686,4,8.08155
49.424296,3,8.115227
67.201889,4,8.183206
-35.82763,4,8.239215
124.570061,4,8.283063
147.79053,4,8.356074
95.606911,4,8.402593
83.748203,4,8.466074
40.406015,4,8.532878
90.021291,4,8.594417
77.67861,4,8.651277
186.255162,4,8.706973
27.102358,4,8.764647
143.078374,4,8.817641
-51.653689,4,8.866059
-32.300791,4,8.93646
-35.661256,4,8.999194
81.513689,3,9.032743
64.682842,3,9.083654
-0.228495,4,9.14038
65.740896,4,9.19944
156.713878,4,9.260301
16.855367,4,9.304448
113.207169,4,9.410044
-35.668617,4,9.466708
-10.204893,4,9.536707
219.779293,4,9.590673
40.660554,4,9.647297
139.800827,4,9.705385
34.091454,4,9.767977
62.484416,4,9.822955
-36.814341,4,9.880705
-13.989054,4,9.933095
-73.509343,4,10.000021
-24.282144,4,10.049521
30.505282,3,10.100605
41.632188,3,10.148036
22.85295,4,10.19939
134.286104,4,10.259351
14.311407,4,10.306639
-14.840675,4,10.366346
79.739215,4,10.416115
133.595402,4,10.479089
49.533982,3,10.5157
40.677013,3,10.555096
84.889525,4,10.616073
53.928745,4,10.674977
3.444128,4,10.733609
-70.738123,4,10.783309
126.219062,4,10.849076
-14.46162,3,10.882004
-29.09662,4,10.940141
2.0224,4,11.000118
45.027851,3,11.049474
77.900602,3,11.082912
61.521492,3,11.13197
95.523756,4,11.183398
-5.512506,4,11.250177
141.372873,4,11.299521
42.760796,3,11.332696
31.06731,4,11.399975
-33.027285,4,11.449406
12.876231,4,11.516374
-43.042413,4,11.57505
52.342316,3,11.620355
-8.726828,4,11.681638
-57.66982,4,11.739663
-4.168134,4,11.796732
38.01746,4,11.850198
-40.996722,4,11.918022
126.768525,4,11.967003
151.969434,4,12.026704
30.164328,4,12.081463
34.642404,4,12.132927
43.466305,3,12.172614
143.45541,4,12.237705
120.015018,4,12.283414
78.138341,4,12.353229
195.330543,4,12.406651
133.158528,4,12.464753
53.956104,3,12.509249
-52.465457,4,12.563356
47.880866,3,12.60232
187.852614,4,12.669062
66.346344,3,12.716629
69.193049,4,12.781676
121.480294,4,12.839751
-50.263034,4,12.89651
107.81211,4,12.952227
136.306291,4,13.016032
-45.144885,4,13.072375
-32.371561,4,13.128989
167.328552,4,13.18906
87.369341,4,13.250275
24.241717,4,13.310467
5.226858,4,13.371845
44.182677,4,13.432812
76.503534,4,13.492825
116.280504,4,13.553695
33.82689,4,13.610522
33.529137,4,13.672775
79.9152,4,13.724362
33.075865,3,13.765306
32.695843,3,13.805636
-54.850616,4,13.868365
34.663914,3,13.91484
4.580255,4,13.969239
19.318345,4,14.033724
6.461175,3,14.06587
-25.624772,4,14.06891
41.465623,4,14.07093
72.812358,4,14.073756
108.456865,4,14.075762
108.726426,4,14.162557
38.583274,3,14.199687
5.097023,4,14.310528
46.528626,4,14.366061
25.701473,4,14.423047
64.726092,4,14.485804
-53.607692,4,14.538134
29.7877,4,14.598343
55.916257,3,14.638556
0.067186,4,14.69959
-69.422142,4,14.771157
46.51218,4,14.82591
67.659056,4,14.883305
96.215704,4,14.935011
31.003073,4,15.004306
34.967438,4,15.068081
52.379684,3,15.116603
15.882821,4,15.191853
-22.450516,4,15.252562
111.589651,4,15.312178
110.887207,4,15.366913
-7.594863,4,15.433667
66.5612,3,15.488684
9.39258,4,15.552452
31.009634,4,15.616396
-22.17498,4,15.680859
-23.894027,4,15.739734
165.437951,4,15.795722
-28.682018,4,15.849637
54.555499,4,15.921852
33.687508,4,15.983173
7.570523,4,16.057483
63.856915,3,16.099912
162.791048,4,16.17014
27.589142,3,16.198843
-23.540878,4,16.268474
22.32094,3,16.314927
74.411224,3,16.350081
56.642046,4,16.415158
75.715055,3,16.449722
30.928283,4,16.53303
62.902458,3,16.612126
115.542624,4,16.694741
43.081543,3,16.736782
-36.055652,4,16.799639
70.696007,4,16.867161
-36.10084,4,16.923971
60.938077,3,16.966302
29.78065,3,17.005246
-44.582743,4,17.070573
24.343933,3,17.117237
33.700607,3,17.165183
-24.22849,4,17.233737
-33.187528,4,17.303543
-46.765311,4,17.366221
-7.049442,4,17.43184
9.233283,3,17.477857
51.642162,4,17.533939
28.790372,4,17.588693
18.359718,4,17.649037
-0.125497,4,17.711756
66.966997,4,17.765112
-45.236573,4,17.817174
53.847309,3,17.853515
128.898594,4,17.916387
21.226767,4,17.984985
29.062396,4,18.040896
42.978694,3,18.085654
61.847337,4,18.152057
127.282071,4,18.217206
-74.756297,4,18.286932
42.252611,3,18.331884
102.250143,4,18.383524
-29.320035,4,18.450525
-49.762657,4,18.51037
86.036492,4,18.570118
-7.302041,4,18.63172
41.184789,4,18.696781
23.617209,3,18.73337
-24.305955,4,18.797695
-32.86761,4,18.850046
58.64574,4,18.918066
24.196277,3,18.948814
157.578372,4,19.01806
-29.634516,4,19.066467
2.54745,4,19.140076
-25.218918,4,19.196372
198.743066,4,19.26439
-74.575251,4,19.333153
99.548495,4,19.447002
11.910201,3,19.501436
-16.545378,4,19.557405
34.437723,4,19.616982
-38.85809,4,19.681945
123.892546,4,19.738713
20.868351,4,19.798936
113.225875,4,19.849698
65.996553,4,19.918411
116.366369,4,19.972028
68.554148,3,20.017379
75.65561,4,20.066867
28.759562,3,20.116433
114.883308,4,20.184434
54.288478,3,20.215677
117.937217,4,20.28365
-56.4402,4,20.351702
-36.556336,4,20.40975
-29.753432,4,20.469439
3.450122,4,20.516912
57.000825,4,20.587048
17.829085,4,20.641685
2.108082,4,20.685843
-64.783892,4,20.75004
-28.919103,4,20.816232
54.019947,3,20.849046
43.951152,3,20.899052
201.309434,4,20.966691
32.724462,4,21.025412
38.418707,3,21.066486
48.972919,3,21.099752
68.666592,4,21.166916
-12.576002,4,21.216492
14.991359,4,21.29203
-10.416891,4,21.351506
43.426685,3,21.399863
68.507516,4,21.460813
51.929711,3,21.49995
13.795134,3,21.550733
-26.844492,4,21.600276
26.950931,3,21.649839
-25.250557,4,21.710688
34.322891,3,21.749945
12.788526,4,21.816406
-1.07688,4,21.882
49.527966,4,21.942066
-40.068244,4,22.003658
-21.520382,4,22.066543
110.314385,4,22.127845
36.248581,3,22.166631
73.829772,3,22.218512
58.945074,3,22.265174
12.63406,3,22.300319
135.866759,4,22.366391
45.013954,3,22.398989
132.500244,4,22.466882
15.687537,3,22.517253
51.716774,4,22.566622
23.43315,3,22.615728
-21.837571,4,22.683208
22.631041,3,22.716491
-9.950818,4,22.787575
17.425418,4,22.848124
-49.215453,4,22.900428
-20.715995,4,22.976297
29.830047,4,23.037085
0.028311,4,23.093424
27.238953,4,23.157573
-55.046028,4,23.200025
58.873628,4,23.27622
70.705178,3,23.317073
16.712942,4,23.381885
-37.734323,4,23.443968
61.776822,4,23.500006
55.916526,3,23.533117
17.174465,3,23.59272
-60.81012,4,23.649959
52.925863,4,23.7194
140.626558,4,23.77916
-56.783474,4,23.833821
-9.195663,4,23.89335
-81.596094,4,23.95481
-51.96628,4,24.015472
59.112272,3,24.055559
101.963616,4,24.117298
69.978687,4,24.199368
64.434605,4,24.280527
64.244202,3,24.322124
63.332703,4,24.383543
36.417907,4,24.447278
54.138406,3,24.483308
-32.858179,4,24.549894
41.578464,4,24.610643
-13.577475,4,24.668174
41.008078,3,24.69996
80.768974,4,24.766871
115.580417,4,24.832111
-2.052758,3,24.865949
65.47831,3,24.916685
63.922383,4,24.983205
63.499188,4,25.047124
-40.212842,4,25.109934
99.831371,4,25.169559
6.57882,4,25.232448
32.911052,3,25.26674
16.315735,4,25.334151
101.792583,4,25.393055
54.638035,4,25.450292
-4.106094,4,25.500078
21.61215,3,25.54995
-21.701066,4,25.618584
5.066892,4,25.683586
52.346261,4,25.738098
-1.742423,4,25.794926
183.700576,4,25.833445
34.222889,4,25.900438
18.87842,3,25.950047
75.159938,4,25.999974
25.868498,4,26.062923
2.001467,4,26.116888
12.306742,3,26.166733
86.664221,4,26.226527
31.56713,4,26.285998
57.036895,4,26.33326
-5.482932,4,26.406177
35.180164,4,26.463659
43.413214,4,26.521683
74.34674,4,26.583598
143.375447,4,26.645997
192.497809,4,26.704422
61.393434,4,26.762702
162.894177,4,26.817214
105.140566,4,26.866834
23.920698,4,26.937033
182.840344,4,26.993066
47.581314,3,27.034194
147.980408,4,27.099936
97.071086,4,27.161618
20.949562,4,27.218361
45.857497,4,27.282039
28.390389,4,27.340295
134.351034,4,27.402023
143.494809,4,27.458812
10.896517,3,27.505033
-54.873937,4,27.556458
88.495788,4,27.61729
32.6439,4,27.674574
62.573769,4,27.739944
55.506442,4,27.793243
63.122143,4,27.845694
-72.043684,4,27.904907
25.787204,4,27.95781
157.913986,4,28.019857
-71.49674,4,28.118398
3.700968,4,28.17531
4.756795,4,28.233469
64.466568,3,28.273875
34.889016,4,28.340458
80.682261,4,28.400074
-10.076615,4,28.45656
75.118264,4,28.519335
83.715088,4,28.569352
62.5239,4,28.640961
69.368331,3,28.690744
10.126946,4,28.76075
32.917706,3,28.803708
168.784033,4,28.869563
29.504374,4,28.939935
-52.827012,4,29.00404
-43.182185,4,29.063412
43.544819,3,29.100161
31.669572,3,29.159277
55.405986,3,29.213007
49.90366,3,29.267772
-19.439703,4,29.327668
55.425756,3,29.372961
61.833003,3,29.416829
93.517396,4,29.455644
53.499448,3,29.455644
52.186462,4,29.455644
-87.556941,4,29.463629
77.927259,4,29.466699
3.389805,4,29.527726
110.281516,4,29.592397
-83.63977,4,29.651196
29.577621,3,29.69259
49.152234,3,29.741336
-80.132097,4,29.800248
-10.490966,4,29.857953
-32.989214,4,29.926589
2.654361,4,29.986112
34.74736,4,30.043952
93.230451,4,30.104732
49.068641,3,30.151231
111.090145,4,30.209123
129.920069,4,30.268797
-10.3809,4,30.332165
-24.367721,4,30.388399
41.577084,4,30.44812
-15.703815,4,30.507002
24.048075,3,30.550617
-24.868728,4,30.616238
5.665415,4,30.671407
103.798704,4,30.732406
87.824298,4,30.792822
136.848232,4,30.854867
32.223827,3,30.893652
83.152425,4,30.955126
111.099277,4,31.01607
41.046608,3,31.059817
-7.139386,4,31.123792
38.710645,3,31.167498
68.80029,3,31.217169
111.038886,4,31.275208
45.598042,4,31.335464
106.072607,4,31.394487
-83.622278,4,31.457775
142.463271,4,31.520526
117.553248,4,31.584486
65.467443,3,31.625793
151.355568,4,31.688226
157.903599,4,31.749125
8.65912,4,31.804868
47.956624,4,31.866719
56.807027,4,31.92407
24.236194,4,31.989283
-0.627027,4,32.043758
42.043237,4,32.106175
158.870735,4,32.169194
-71.177696,4,32.231755
72.270809,4,32.295163
102.198096,4,32.353173
47.447173,3,32.400611
134.091045,4,32.460122
67.807519,4,32.522352
6.474731,4,32.584543
19.778947,3,32.634137
-63.418402,4,32.683685
72.838191,3,32.733498
-23.264254,4,32.791288
-6.140603,4,32.850286
221.538751,4,32.914252
-16.812608,4,32.967808
-57.823904,4,33.025569
-26.30021,4,33.083788
-33.817368,4,33.15217
34.417386,4,33.249672
63.739698,4,33.316376
73.550506,4,33.395257
70.167898,4,33.45624
41.254382,3,33.500062
205.051937,4,33.561995
-69.909075,4,33.621737
-37.521501,4,33.670509
-58.945858,4,33.746313
-4.006628,4,33.807034
-61.814737,4,33.867061
-22.49484,4,33.928793
-49.345681,4,33.993232
39.904582,4,34.05904
-80.999831,4,34.117557
-52.901791,4,34.167126
92.59125,4,34.236454
52.234733,4,34.29822
-57.451662,4,34.350719
21.55524,3,34.400491
48.228509,3,34.450184
18.883761,3,34.500376
211.07961,4,34.550844
28.169896,3,34.600425
140.364895,4,34.668005
73.40318,3,34.715849
10.978193,3,34.755999
40.031516,3,34.800834
66.6192,3,34.85057
70.778651,3,34.899174
143.913697,4,34.950935
-31.002415,4,35.016881
0.93622,4,35.078677
168.849375,4,35.135579
-20.287268,4,35.200485
92.154067,4,35.262
-46.70193,4,35.317854
-31.856711,4,35.374568
-17.58634,4,35.433896
23.615339,3,35.485351
15.647435,4,35.533809
-6.316923,4,35.599272
9.274215,4,35.650809
77.161846,4,35.700311
60.017125,3,35.750553
145.929071,4,35.821773
-23.804427,4,35.866927
60.055179,4,35.938396
-18.177021,4,35.998535
42.079674,4,36.053267
117.578424,4,36.115719
117.415555,4,36.168852
124.59186,4,36.231934
27.237624,3,36.267022
-31.300016,4,36.333887
33.835021,4,36.395615
-29.614433,4,36.455055
-31.188399,4,36.51513
27.521433,4,36.582413
87.880122,4,36.64256
1.887044,4,36.706122
-12.057284,4,36.75795
116.946051,4,36.81735
32.252492,4,36.883715
-6.909492,4,36.943421
-0.468658,4,37.007341
-53.700869,4,37.067198
91.118517,4,37.12407
133.557383,4,37.184759
59.676942,3,37.21721
-10.901732,4,37.284056
-24.708197,4,37.345418
53.623282,3,37.383741
-49.515113,4,37.446402
-7.20774,4,37.515779
-70.444154,4,37.572013
-11.834258,4,37.628691
44.437427,4,37.689511
47.069098,3,37.73444
23.003978,4,37.7991
53.107004,4,37.856645
0.053185,4,37.918069
47.080198,4,37.98246
58.499024,4,38.041451
12.960049,4,38.100417
82.335837,4,38.161474
42.157998,4,38.217288
-72.37569,4,38.283843
0.993517,4,38.338712
63.774827,3,38.433079
-33.787498,4,38.499129
108.310707,4,38.552366
35.820366,3,38.58304
101.251365,4,38.658308
115.547852,4,38.716161
100.385377,4,38.782739
48.774834,3,38.816351
145.182054,4,38.88954
129.029474,4,38.950584
-3.279005,4,39.010314
108.096439,4,39.071719
-1.364869,3,39.124952
-29.849119,4,39.203335
130.359519,4,39.264158
28.560786,3,39.305196
-35.560702,4,39.36351
89.668134,4,39.433102
-71.897447,4,39.50536
7.270112,4,39.573981
58.300479,4,39.633688
-28.004332,4,39.691344
-34.358442,4,39.754416
154.759192,4,39.816038
107.190592,4,39.887618
-68.96242,4,39.957121
107.465772,4,40.023221
16.12288,4,40.082649
24.310375,3,40.121833
186.902773,4,40.183799
94.324616,4,40.250484
154.105974,4,40.308479
-31.326421,4,40.367134
145.623318,4,40.437682
15.268445,3,40.490215
27.865637,4,40.558451
-29.720872,4,40.621165
106.829843,4,40.682753
72.948289,4,40.740515
32.059828,4,40.802178
29.939189,3,40.85027
-21.848022,4,40.909152
73.535634,4,40.970052
48.559029,3,41.021878
86.009942,4,41.084496
26.024579,3,41.132499
-19.787173,4,41.199419
59.087244,4,41.271564
63.099715,3,41.319906
65.867936,3,41.369499
10.246965,3,41.417202
-28.570573,4,41.474878
-28.437075,4,41.532107
53.545436,3,41.575719
-28.576191,4,41.638655
111.894068,4,41.703101
17.857108,4,41.757209
33.58018,3,41.80267
-55.590891,4,41.86455
103.736081,4,41.92518
98.598056,4,41.987784
26.693688,4,42.056868
167.274499,4,42.133706
117.970185,4,42.192502
122.994174,4,42.25025
122.180747,4,42.314805
-38.82781,4,42.369217
-20.506734,4,42.436889
125.83031,4,42.492871
50.185882,4,42.551666
169.008036,4,42.618196
37.325116,4,42.677268
148.168864,4,42.727273
35.514415,4,42.790019
0.260771,4,42.858279
-40.297911,4,42.919121
103.032297,4,42.984803
103.799284,4,43.066087
-83.772073,4,43.139892
27.367568,3,43.191952
42.264931,3,43.238855
45.55402,4,43.300695
189.772572,4,43.3675
132.210557,4,43.428074
18.181546,4,43.485908
69.654856,3,43.525428
132.339146,4,43.584101
-27.380927,4,43.654579
50.48721,3,43.724877
19.874736,3,43.787651
-33.715167,4,43.854023
138.813973,4,43.912604
97.017886,4,43.973169
51.699521,4,44.03794
4.653696,4,44.095873
31.708865,4,44.150818
53.345401,3,44.201603
61.106676,3,44.238916
8.27236,3,44.286209
68.607272,4,44.334136
53.742517,4,44.407639
82.790593,4,44.467493
36.762869,4,44.535934
31.973045,3,44.582593
-41.074928,4,44.644887
56.948641,3,44.689466
-12.273083,4,44.750806
122.133843,4,44.81556
12.318963,4,44.871156
52.506122,3,44.91775
6.340796,4,44.950991
-5.181179,3,44.950991
-49.20868,4,44.950991
118.177345,4,44.962022
16.990782,4,44.965019
28.449978,3,45.018038
137.201647,4,45.067682
107.433923,4,45.141344
56.131177,4,45.200813
67.418777,4,45.261673
76.601714,3,45.30077
-29.47152,4,45.371311
32.019947,4,45.434163
196.438736,4,45.496814
2.454009,4,45.550999
107.364656,4,45.600903
-2.797172,4,45.667483
-23.480881,4,45.73975
86.379956,4,45.796714
58.170893,4,45.858668
37.93754,4,45.917429
14.89017,4,45.982904
2.232519,4,46.046057
120.289634,4,46.099332
170.722665,4,46.166113
147.034142,4,46.231068
91.429391,4,46.290745
191.784761,4,46.352418
63.94017,4,46.416288
22.434572,4,46.478316
-36.736316,4,46.53294
30.959844,4,46.586024
168.448088,4,46.649381
31.783734,4,46.711287
20.423693,4,46.771218
-30.577942,4,46.817589
58.368578,3,46.872325
2.760288,4,46.932828
-46.13901,4,46.990917
10.441449,4,47.048091
-55.076526,4,47.102197
-18.119171,3,47.151086
15.442599,4,47.220127
-14.627924,4,47.282814
91.832969,4,47.349467
97.393263,4,47.407741
29.191885,3,47.449422
190.216113,4,47.51156
32.109759,3,47.557437
82.887382,4,47.622399
75.533916,4,47.673169
73.25343,4,47.734923
-86.95311,4,47.792356
43.222508,4,47.85859
22.754431,3,47.900881
217.169514,4,47.963646
47.270461,4,48.018064
-4.925481,4,48.090817
28.908679,4,48.151785
-44.990651,4,48.208582
6.446317,3,48.256824
53.664568,3,48.301555
175.375062,4,48.360736
177.229145,4,48.40063
5.916274,4,48.484365
7.80703,4,48.554696
66.652518,3,48.605685
60.189246,3,48.653447
56.20747,4,48.76152
-70.252493,4,48.830347
114.532575,4,48.904885
17.051544,4,48.96825
133.103042,4,49.034336
-34.053268,4,49.099723
-15.94275,4,49.162732
-42.975232,4,49.233947
-37.007723,4,49.301038
187.349326,4,49.367521
38.976179,3,49.40076
11.463642,4,49.46913
-0.404485,4,49.533886
82.562515,4,49.58411
104.533614,4,49.644986
-73.677435,4,49.715694
5.840303,4,49.784393
152.53951,4,49.848171
164.831116,4,49.905815
-36.375919,4,49.964577
50.513763,3,50.006569
-47.331956,4,50.067703
56.692417,4,50.13896
15.145948,4,50.202688
123.311772,4,50.26774
84.353275,4,50.348648
-33.954516,4,50.411714
4.467176,4,50.467297
15.15859,4,50.518062
62.299851,3,50.567372
-77.151253,4,50.631486
118.238613,4,50.693119
-42.733183,4,50.750951
49.830927,3,50.804669
217.142459,4,50.862001
9.447676,4,50.919568
94.382662,4,50.984414
50.314096,4,51.05579
10.940751,4,51.122517
40.824747,4,51.186204
-15.283167,4,51.251025
143.703606,4,51.312765
-41.789813,4,51.367687
18.349389,4,51.436327
13.298646,4,51.48456
137.311171,4,51.562923
-88.168493,4,51.628367
28.281753,4,51.667695
77.586009,4,51.734622
49.97913,3,51.784397
90.638515,4,51.844306
-31.24704,4,51.906558
16.233518,3,51.951687
19.747941,4,52.026489
105.689855,4,52.089302
94.307601,4,52.149899
29.84729,4,52.201288
-54.750035,4,52.271379
-45.603003,4,52.331644
114.027248,4,52.389091
40.03998,4,52.453923
54.956065,3,52.48429
-2.408865,4,52.551581
65.817303,3,52.60056
-5.929957,4,52.651388
-18.80063,4,52.721607
-35.469534,4,52.780984
116.735207,4,52.842222
25.431368,3,52.887587
31.846792,3,52.934689
80.383002,4,53.000738
80.223738,4,53.060953
18.099396,4,53.11841
-18.904488,4,53.188324
109.107527,4,53.249092
58.633427,4,53.305008
113.43014,4,53.351501
9.596085,3,53.403807
82.909883,4,53.467588
50.043432,3,53.502745
161.907296,4,53.568211
-96.818938,4,53.639234
-76.26091,4,53.696778
80.964438,4,53.759706
9.132677,4,53.818074
53.327189,4,53.867724
40.321247,3,53.91696
160.585277,4,54.019218
-15.512107,4,54.084891
197.119862,4,54.150953
56.893088,3,54.199401
-46.952711,4,54.254739
111.770837,4,54.31637
34.469344,4,54.376709
33.757505,4,54.438333
89.331724,4,54.499013
139.177472,4,54.551375
53.965952,4,54.617959
32.994151,3,54.670722
-26.814082,4,54.732625
131.422175,4,54.785164
121.728826,4,54.861955
25.736408,3,54.905737
132.605323,4,54.968607
60.334835,4,55.01809
48.235486,3,55.067785
178.114137,4,55.140487
167.87813,4,55.204358
85.069377,4,55.267828
-35.949142,4,55.32144
-28.677897,4,55.386372
64.052725,3,55.416986
146.855149,4,55.484895
46.812518,4,55.553791
94.884854,4,55.608938
33.380286,4,55.677535
138.222764,4,55.740844
55.599521,3,55.784777
118.801002,4,55.84996
34.602306,4,55.913118
-44.325707,4,55.978959
-2.448645,4,56.037144
21.011099,4,56.094686
61.127931,4,56.154831
-17.465606,4,56.21747
45.080353,4,56.276484
80.341709,4,56.33823
31.848235,3,56.384587
40.390315,4,56.451732
-14.092291,4,56.510128
-14.151327,4,56.569752
120.532371,4,56.626002
40.227603,3,56.675486
197.604106,4,56.73536
-10.367085,4,56.796468
-77.012208,4,56.862915
82.276827,4,56.923434
159.4461,4,56.98937
65.430971,3,57.035331
113.218112,4,57.103063
200.341962,4,57.186733
5.913739,4,57.253734
-33.086239,4,57.318287
-7.876585,4,57.389296
-29.31218,4,57.483446
53.415107,4,57.556034
48.968055,4,57.616718
45.185832,3,57.651192
-59.031042,4,57.718366
62.209153,4,57.79812
32.003117,3,57.83463
85.787016,4,57.90898
196.200964,4,57.967874
40.369344,4,58.035743
36.103345,3,58.067138
100.633323,4,58.141472
-52.795642,4,58.20135
-22.39076,4,58.27082
46.902431,4,58.318183
-22.455639,4,58.396355
35.358159,3,58.451818
196.079192,4,58.526592
45.230503,3,58.567934
-92.989002,4,58.634586
-27.945301,4,58.701313
135.989061,4,58.759916
133.40194,4,58.82268
98.364885,4,58.88278
42.652204,4,58.934778
170.941041,4,59.008212
-95.454619,4,59.077805
-61.568278,4,59.145414
32.696416,4,59.218082
109.505997,4,59.279191
101.198805,4,59.342561
145.03495,4,59.449207
-75.921771,4,59.500653
131.456389,4,59.57892
84.6723,4,59.641594
64.065403,4,59.701777
128.551527,4,59.754106
39.490039,3,59.805906
143.786558,4,59.865223
-48.582761,4,59.935362
94.968397,4,60.009122
-40.65375,4,60.078854
52.829391,4,60.130749
88.410129,4,60.194389
-1.001327,4,60.252983
-42.2081,4,60.327855
75.250856,4,60.39337
-0.041049,4,60.454226
40.164317,4,60.501796
-27.283729,4,60.57793
-15.488976,4,60.640371
188.061992,4,60.684695
47.4904,3,60.754463
22.138352,4,60.754463
6.842444,4,60.754463
-34.639621,4,60.767104
35.254743,4,60.770925
118.779216,4,60.770925
44.652203,4,60.834849
-35.224492,4,60.910206
40.447061,4,60.969733
173.083416,4,61.039881
18.195054,4,61.098632
170.899396,4,61.159266
123.777514,4,61.21789
-28.796998,4,61.268719
159.52134,4,61.339651
51.099749,4,61.397841
54.934942,4,61.456028
-51.09336,4,61.52187
102.607399,4,61.578962
-76.332168,4,61.639549
32.696703,4,61.695264
18.58187,4,61.757424
-84.274245,4,61.827008
158.454091,4,61.887333
68.0017,4,61.934804
91.599462,4,62.001831
125.723404,4,62.073993
181.981135,4,62.134917
-29.028629,4,62.195557
67.451691,4,62.259215
145.719564,4,62.317683
-44.519953,4,62.368054
103.005285,4,62.438606
-22.995918,4,62.485291
26.396205,4,62.557235
-3.733238,4,62.614101
18.843594,3,62.651402
97.169815,4,62.718115
-50.901704,4,62.781028
74.188425,4,62.841722
-65.65648,4,62.899334
-42.545576,4,62.951888
8.075334,3,63.001806
79.545844,4,63.075116
95.088539,4,63.137755
128.552705,4,63.201635
63.308466,3,63.253295
46.357768,4,63.310178
7.778017,4,63.368074
45.280734,4,63.434804
45.442834,4,63.491673
20.269221,4,63.548312
36.863998,3,63.584894
36.274001,4,63.654053
-10.761155,4,63.701611
163.640876,4,63.774853
55.191486,4,63.839688
-34.682786,4,63.901496
41.687222,3,63.934792
17.15489,4,64.001708
70.889835,3,64.050645
-68.888349,4,64.118253
-25.415256,4,64.179793
82.047057,4,64.242786
45.197557,4,64.308382
170.672393,4,64.421955
135.683078,4,64.481915
81.738313,4,64.545651
41.664657,3,64.586925
29.02321,4,64.651507
215.291581,4,64.717045
-26.974481,4,64.782019
32.694441,4,64.841513
52.315393,3,64.888701
-28.182814,4,64.950306
21.812619,4,65.010501
70.516925,3,65.053216
158.109695,4,65.11802
54.66365,4,65.181118
26.633789,4,65.242168
186.044846,4,65.302507
-5.407035,4,65.36814
150.662739,4,65.431081
102.016644,4,65.488494
74.132043,4,65.550429
48.661308,4,65.616724
6.782028,4,65.67483
117.249437,4,65.733417
8.923442,4,65.793506
16.689526,4,65.851897
-8.305419,4,65.919084
7.469502,4,65.978093
22.844992,4,66.0408
-90.425435,4,66.101785
62.286678,4,66.168121
86.913054,4,66.230181
125.478227,4,66.291384
107.483624,4,66.353076
19.169493,4,66.41636
14.948726,4,66.472261
-35.339561,4,66.531132
16.331832,3,66.580019
199.182396,4,66.635073
14.600035,4,66.699799
-28.063282,4,66.768186
-18.512107,4,66.8301
22.818973,4,66.894607
154.079787,4,66.956309
13.101323,4,67.019786
69.9684,4,67.077516
72.959765,4,67.140936
153.766613,4,67.201565
181.402239,4,67.268077
-35.648306,4,67.33176
51.831746,4,67.394746
95.441109,4,67.454322
153.901533,4,67.514585
52.294299,4,67.576406
92.90625,4,67.64075
20.093934,4,67.698784
18.445759,4,67.754246
60.466036,4,67.818322
10.42583,4,67.877388
30.249072,4,67.939666
18.505332,3,67.988584
189.964145,4,68.050478
-14.613428,4,68.105173
-22.078363,4,68.166255
62.405987,4,68.229006
158.718558,4,68.285259
-5.098001,4,68.35878
17.390574,3,68.400826
42.280698,4,68.462392
72.824188,3,68.507079
-32.047666,4,68.579251
-34.053127,4,68.634822
75.532244,3,68.679556
136.243782,4,68.735558
202.117316,4,68.815563
166.926861,4,68.878165
25.124278,4,68.938628
66.852367,4,69.007532
64.440349,3,69.054187
91.393164,4,69.119302
-11.905622,4,69.183873
171.339109,4,69.250329
-31.27179,4,69.306518
-1.467776,4,69.367204
193.036821,5,69.480708
12.440932,3,69.535419
16.915889,4,69.585131
168.299264,4,69.656498
73.708778,4,69.719147
-14.667916,4,69.781613
-19.174936,4,69.843735
-42.503262,4,69.904301
60.763882,3,69.950217
15.73602,4,70.00217
190.45252,4,70.073021
197.232979,4,70.118531
62.943472,4,70.190956
73.812571,3,70.239464
168.937335,4,70.310429
173.191219,4,70.370322
-5.006911,4,70.433038
67.811507,4,70.485379
3.611377,4,70.55871
57.750289,3,70.603259
73.027464,4,70.665358
87.708647,4,70.718925
11.720612,4,70.789911
-68.044292,4,70.846612
-26.896351,4,70.907436
76.482438,4,70.968394
-51.983635,4,71.032317
143.00193,4,71.092254
-36.726089,4,71.161355
75.876349,4,71.218993
-41.012264,4,71.286019
124.647229,4,71.348788
21.408506,4,71.407653
9.291037,4,71.470651
59.094951,3,71.521241
9.529918,4,71.581505
190.84924,4,71.640011
-26.972202,4,71.701664
210.38291,4,71.762669
-35.524007,4,71.828265
38.443921,4,71.888923
158.800682,4,71.944729
-0.475399,4,72.011601
-20.170775,4,72.076995
56.165718,4,72.136016
38.877759,3,72.185673
120.987894,4,72.243703
94.084705,4,72.292252
90.593323,4,72.350351
-26.656953,4,72.418819
61.085804,3,72.466015
91.40963,4,72.528689
238.422825,4,72.592756
152.492831,4,72.651942
35.993258,4,72.712181
-36.302619,4,72.774361
70.790014,3,72.822427
63.380494,4,72.885216
17.493735,4,72.94985
74.49034,4,73.004538
-51.638053,4,73.065445
186.749294,4,73.118961
165.913752,4,73.194843
-30.592532,4,73.254548
7.375098,4,73.301893
-65.545556,4,73.368881
-41.254748,4,73.440796
-5.333047,4,73.502706
199.51703,4,73.560775
57.547313,4,73.618603
-3.59447,4,73.684833
90.690854,4,73.737229
130.886533,4,73.794798
184.690643,4,73.852335
103.469842,4,73.920484
155.53423,4,73.977727
82.791464,4,74.033764
18.516274,4,74.104077
118.950675,4,74.156814
-33.162387,4,74.216353
-38.65189,4,74.276329
177.537165,4,74.335078
94.605173,4,74.397029
25.58707,4,74.45892
226.182443,4,74.520175
0.342861,4,74.634627
16.436049,4,74.691892
66.291274,3,74.735347
38.425912,4,74.80005
54.387261,4,74.852232
196.071026,4,74.918384
-2.892631,4,74.985059
20.962515,4,75.047879
167.48994,5,75.122174
37.564823,4,75.186247
132.487289,4,75.24797
8.909594,4,75.308537
222.550401,5,75.383872
72.858644,5,75.456575
34.435434,4,75.509685
55.940204,5,75.589673
-5.46399,4,75.654161
144.299252,4,75.710656
553.335377,6,75.798856
141.14238,4,75.860602
-11.048861,4,75.91907
426.547085,5,76.0017
-4.705096,4,76.062563
77.513141,4,76.119439
183.435697,4,76.183924
141.38576,4,76.24209
132.946773,4,76.30993
144.208675,4,76.312852
173.245159,4,76.314937
-19.246692,4,76.317725
179.805181,4,76.320362
-66.095113,6,76.424496
-16.881268,4,76.485054
73.492912,3,76.524268
949.277205,8,76.634426
167.19753,4,76.70137
317.505161,6,76.797434
-57.969923,4,76.859377
1920.043436,14,77.051313
291.615162,6,77.152072
41.513164,4,77.210553
180.499382,5,77.290021
99.826642,5,77.371895
111.386774,5,77.503104
190.391288,4,77.565801
209.496422,4,77.622829
2175.343158,17,77.860401
2012.475766,12,78.023717
357.004905,6,78.114711
110.23435,4,78.176831
171.836754,4,78.234249
2329.159352,16,78.467461
1680.232435,11,78.618296
-12.515343,5,78.709662
114.293152,5,78.784559
2063.897873,12,78.955173
1708.462054,11,79.139309
2242.87375,12,79.311962
2583.686259,13,79.465596
2395.266533,14,79.659768
1905.22689,12,79.834093
2173.789532,13,80.036222
2627.074616,15,80.246698
2448.290166,14,80.442292
2052.265492,11,80.606661
2417.727515,14,80.811251
206.628171,6,80.902308
201.673205,7,81.013527
2054.285485,13,81.195578
2493.224765,15,81.402446
2196.776122,12,81.594064
2402.761087,13,81.779384
2210.701221,12,81.962671
1884.135761,13,82.16745
2086.279783,13,82.350316
658.580699,8,82.492098
2259.036616,14,82.690306
2008.379817,12,82.850902
-72.846719,5,82.925473
2791.449727,15,83.159969
3133.511457,14,83.365207
3586.455192,17,83.613028
1755.277999,11,83.78707
208.117385,6,83.886495
2098.706348,13,84.073838
2072.773933,13,84.258444
2701.103737,14,84.45378
2654.483549,14,84.667814
85.41831,6,84.778666
2268.934905,13,84.952542
2152.554195,12,85.113123
1583.332665,10,85.248844
1375.491866,10,85.383569
1628.788721,11,85.542911
2037.8196,11,85.678042
2434.764625,14,85.901165
2408.365949,12,86.063803
2391.681277,12,86.246098
-39.476888,5,86.323462
2760.662136,14,86.52642
2614.021392,14,86.730121
2411.864096,13,86.917805
-12.638978,5,86.989532
2217.441116,13,87.172606
1615.802506,10,87.31485
1740.044222,12,87.492263
2040.195319,12,87.655812
156.765347,6,87.744856
2355.565241,13,87.919942
2267.083099,13,88.103613
114.689748,6,88.187703
2943.584653,14,88.38231
2207.030911,12,88.545226
2539.268383,13,88.727045
1795.658648,12,88.900333
1867.451698,11,89.061125
2718.696989,15,89.305026
1949.299737,11,89.470798
3.29432,5,89.558887
2726.986552,14,89.746261
227.184862,6,89.837836
2284.563916,14,90.04194
1994.562578,11,90.216549
1958.454301,12,90.379282
1424.701787,10,90.523148
2720.509469,14,90.726158
2321.669751,13,90.900864
2029.006867,12,90.954352
1533.195599,11,90.961373
935.227119,9,90.966494
1980.571525,12,90.973079
1656.506374,10,90.979733
-77.779552,8,91.116828
1439.831014,10,91.260833
1411.038333,10,91.40502
2621.890154,14,91.609198
2462.952827,14,91.813308
2389.484639,12,91.965636
1335.480752,10,92.119699
1888.995659,11,92.282537
2346.757802,12,92.446935
2181.447745,12,92.621259
1880.982941,11,92.78507
2021.48953,11,92.938536
1539.131695,10,93.081912
3055.578708,15,93.304228
1790.043685,11,93.472744
1305.554752,10,93.614809
1420.586016,11,93.771036
3471.204779,16,93.974691
1993.267259,11,94.144626
1623.78691,10,94.28127
1944.76247,11,94.437156
2012.239022,11,94.599912
1775.635667,12,94.767162
2080.279436,11,94.919542
2409.971632,13,95.091534
1506.265864,10,95.253277
2202.238387,13,95.439992
2792.434137,14,95.633418
1607.05974,10,95.785851
2431.973566,12,95.964402
1690.414998,11,96.133179
1447.017646,10,96.266587
933.185289,9,96.400013
2240.118208,12,96.564155
1390.07474,10,96.716754
2043.055886,11,96.863036
2027.679924,12,97.037927
1511.711205,11,97.17766
2179.659594,12,97.332233
3264.120934,14,97.539505
2010.219007,13,97.710003
1959.658789,11,97.871024
2126.987556,12,98.034652
3364.315453,14,98.21961
2003.71812,12,98.373117
1888.239206,11,98.51285
2043.644857,13,98.707738
2616.461546,14,98.892844
1589.172764,11,99.06542
2148.453721,12,99.221765
1253.151866,10,99.375643
1973.84159,12,99.537928
2677.941459,13,99.712888
1728.997345,12,99.865985
1366.7058,11,100.030077
2722.297052,13,100.203571
1785.019458,12,100.356536
1128.822004,10,100.498932
734.079189,9,100.63165
2226.434629,13,100.81569
1208.380985,10,100.958698
2061.037222,12,101.122612
1583.81672,11,101.357591
1319.418512,10,101.489506
1932.146868,11,101.644353
2162.07338,13,101.838568
1452.856322,11,101.992339
2286.632394,13,102.176373
1767.051128,11,102.339509
2245.29654,12,102.502867
1879.663982,12,102.677618
1499.45748,10,102.810323
2051.249735,12,102.983346
1805.578583,11,103.156404
1850.91763,11,103.327183
1534.321795,10,103.463013
1239.869161,10,103.606496
2140.863385,12,103.769349
1430.763598,10,103.923386
1460.571186,11,104.08772
1760.353775,11,104.251706
2305.363118,12,104.432207
1577.172287,11,104.586673
1432.673664,10,104.715834
2152.171268,13,104.907217
1223.161613,10,105.049022
2516.805488,12,105.225147
2684.6656,14,105.256281
1573.333266,10,105.265547
1707.89335,11,105.273384
1164.209805,10,105.274341
2269.254988,12,105.28492
717.429646,9,105.428843
2194.208918,13,105.623607
2184.398282,12,105.823053
1690.604568,12,106.015707
1302.345597,10,106.170039
1394.007867,10,106.31108
1103.196699,10,106.455163
2904.565447,14,106.678412
1439.281996,11,106.831705
1756.257174,11,106.984654
1433.668109,11,107.168083
2665.036139,13,107.381344
2384.586328,12,107.55237
2493.608947,12,107.705104
2703.382056,13,107.911047
1489.328772,11,108.083179
1749.555785,11,108.244347
1278.972026,10,108.389651
1595.573808,11,108.544133
1928.261212,12,108.71932
1944.010413,11,108.902344
2371.348884,12,109.075842
1340.877567,11,109.259083
2346.546794,13,109.454821
1471.250637,11,109.607534
1999.141573,11,109.777234
1005.164545,10,109.92192
1426.284059,10,110.073176
1907.060783,11,110.217475
1950.643777,11,110.368795
1420.147988,11,110.513956
1859.859247,11,110.688219
1965.764251,11,110.84172
1720.364818,11,110.992246
1490.064777,11,111.145801
1995.009792,11,111.312986
1472.731797,10,111.445829
1650.154765,11,111.600007
1675.957249,11,111.753856
9838.893381,26,112.098842
2749.763414,13,112.326087
1941.035208,11,112.501343
2329.077406,13,112.686074
2177.38874,12,112.859469
2664.95911,13,113.033449
1376.611595,11,113.175848
1110.494068,10,113.338559
2441.342494,13,113.533149
1676.924419,11,113.714185
1165.419244,10,113.865115
1907.889167,11,114.049189
1693.765954,11,114.221768
2839.034826,13,114.422082
1314.9336,10,114.548854
1656.377938,11,114.703643
1089.261906,10,114.875991
1622.115027,11,115.041226
1979.153262,12,115.213167
1983.761078,11,115.355177
1264.902479,10,115.518599
1892.523957,11,115.681386
1598.354396,11,115.846684
2919.398748,13,116.029784
1747.575829,11,116.195841
1625.940728,11,116.377108
2351.211762,12,116.5403
3617.118607,15,116.747151
2370.962274,13,116.949345
2575.997902,13,117.116197
2458.96027,12,117.29979
1504.221693,11,117.483145
2216.17692,12,117.645243
1006.485975,10,117.78055
2531.694715,12,117.943883
1421.207563,11,118.087455
1970.066873,11,118.251806
2113.097646,12,118.415052
1573.242301,11,118.595912
1469.331959,11,118.751547
1603.358841,11,118.916385
1446.100793,11,119.067979
1621.515219,11,119.223394
1962.09365,12,119.398175
2354.218811,12,119.569211
2544.751117,12,119.734874
2582.564333,13,119.927693
1312.750163,10,120.011061
1694.798091,11,120.020541
2326.30667,12,120.025186
1861.618738,11,120.034292
1202.778248,10,120.039491
641.57551,9,120.168533
2148.785895,12,120.340009
1547.731534,11,120.471664
1671.680217,11,120.632157
1808.349288,11,120.797004
1515.878813,11,120.958867
1772.559707,11,121.104338
2033.918017,12,121.278347
1524.432232,11,121.429869
1515.804798,11,121.585928
1831.495353,11,121.738344
2064.898459,12,121.910819
1551.487314,11,122.055786
1249.847579,11,122.218446
1326.079574,11,122.384007
2331.801756,12,122.536747
1595.940659,11,122.699889
1505.543179,11,122.854373
1869.558608,12,123.057711
2247.187844,12,123.220483
1965.015606,12,123.42107
1214.839094,10,123.56602
1644.671924,11,123.707253
1631.810541,11,123.890699
1658.828495,11,124.084581
1916.878897,12,124.257313
1436.417648,11,124.449579
1851.062168,12,124.623113
2120.974297,12,124.794527
1398.756462,11,124.961764
1899.956324,11,125.12401
1962.944021,11,125.306418
1745.028575,11,125.478013
1020.639051,10,125.641959
1585.370999,11,125.803901
1493.923664,11,125.987468
1111.315018,10,126.130244
1615.511759,11,126.311388
2792.481106,13,126.530667
1981.506624,12,126.720125
1664.792041,11,126.883337
2025.285014,12,127.057376
1739.588653,11,127.230326
1893.841071,12,127.407512
2037.239226,12,127.581489
1029.615125,10,127.748189
1601.548482,11,127.887125
1838.707478,12,128.060023
2718.365732,14,128.267252
1548.199906,11,128.42595
1310.005432,10,128.578059
1926.905216,12,128.763862
1933.684583,12,128.945673
2233.527984,12,129.131461
1172.754819,10,129.284303
1352.288133,11,129.438603
1332.865039,11,129.603161
1668.064633,11,129.755069
1837.922907,12,129.940029
2251.693506,12,130.093367
1768.17941,12,130.267437
2399.746507,12,130.460129
1854.129778,11,130.605421
1862.763823,11,130.768164
1556.71416,11,130.93059
2176.928971,13,131.107226
1762.69919,11,131.271622
2299.673698,12,131.436752
2062.758994,12,131.600496
1014.288893,10,131.74313
2471.924714,13,131.917238
2270.035598,12,132.092087
1439.388624,11,132.24509
1581.837662,11,132.407806
1488.009123,11,132.57077
1434.212119,11,132.724316
1361.6286,10,132.857621
2137.249148,12,133.020918
2455.167951,13,133.204189
1892.176878,12,133.367163
1926.699624,12,133.541689
2318.729083,12,133.715563
2071.3475,12,133.889848
1622.0701,11,134.052824
1688.301888,11,134.216664
747.782279,9,134.360283
1846.464848,12,134.523945
1772.975764,11,134.689375
1427.94402,11,134.72828
1345.794848,10,134.730389
1873.640647,11,134.74051
1531.668897,10,134.74051
1866.602792,11,134.752719
1302.93786,11,134.913771
2091.210115,12,135.097728
1569.738468,11,135.239576
1126.28009,10,135.380994
2211.96919,13,135.552562
1805.831332,11,135.725
1509.575215,11,135.858845
1646.197973,11,136.019868
2164.927526,12,136.203919
1321.437672,10,136.348043
1892.712268,11,136.595328
1530.688868,10,136.745357
1847.05864,12,136.901432
1510.065089,11,137.0514
1049.28185,10,137.217095
1991.808286,12,137.381133
2117.925654,12,137.549547
1224.940727,10,137.684805
1830.909342,12,137.867602
1469.975221,11,138.027005
1776.765214,12,138.190815
1830.494345,11,138.355012
1915.90335,12,138.51947
1763.025328,11,138.673172
2524.920823,13,138.864324
1804.04919,12,139.040726
1199.082621,10,139.1937
1944.391458,12,139.369964
2200.39321,12,139.55331
1705.982796,11,139.709308
2689.095508,13,139.889818
1494.181809,11,140.053307
1195.785068,10,140.188317
1809.116176,12,140.382554
1377.148343,11,140.546509
2116.569681,12,140.719627
1012.805003,10,140.872137
2268.829757,13,141.065849
701.289486,9,141.199004
2846.956818,14,141.391429
1795.739813,12,141.569606
2215.513216,12,141.752986
1366.073794,11,141.913658
1060.60138,10,142.067316
1571.73883,11,142.230501
1404.724484,10,142.376355
1676.068322,11,142.52
1330.321537,10,142.682913
2174.830526,12,142.837647
2115.187303,12,143.01851
1830.181936,11,143.17447
1713.017663,12,143.347798
1823.167828,11,143.501782
1519.922285,11,143.665448
1642.720297,11,143.818999
1067.072194,10,143.962315
1415.781888,11,144.123326
1757.458933,11,144.287295
1360.513092,11,144.43232
2154.325041,12,144.607604
1444.242781,11,144.772167
1170.204995,10,144.9256
2209.477417,12,145.077489
1780.27747,11,145.232968
1150.042544,10,145.371233
1869.460542,11,145.534812
1550.454735,11,145.687301
1852.763274,11,145.830913
1257.828943,10,145.985309
1333.994562,11,146.139757
1434.424046,11,146.303288
1907.97138,11,146.465699
2704.111486,14,146.661457
2195.218804,12,146.842784
1207.996155,10,146.9682
1094.786074,10,147.111527
1073.768605,10,147.254572
1047.561704,10,147.408735
2231.182066,12,147.632403
1480.459662,11,147.813158
1357.962129,10,147.957743
1258.841842,10,148.110675
1189.292474,10,148.281359
1829.85961,12,148.45618
2225.826608,12,148.637044
1943.119898,12,148.831541
1779.5747,12,148.994481
1417.467475,10,149.147903
1886.698892,12,149.310722
1406.812951,11,149.403567
1055.723925,10,149.410567
1300.035522,10,149.417252
1488.581443,11,149.421462
1679.07736,12,149.434902
1118.363701,11,149.627379
2269.606102,13,149.820656
1963.58462,12,149.996889
1249.362705,10,150.130394
2365.790445,13,150.313141
1225.283682,10,150.487168
1805.129678,11,150.638904
1806.543675,12,150.804693
2329.915603,12,150.989823
2134.173027,12,151.164648
2223.961326,12,151.317278
1324.384097,11,151.490052
1951.282001,12,151.685052
1120.769112,10,151.840213
1600.792935,11,151.992573
3037.055427,14,152.18823
2418.255401,13,152.383247
1778.878228,12,152.557155
2298.894253,12,152.721101
1843.237587,12,152.891727
1713.917873,12,153.057456
1143.868044,10,153.203557
1545.226695,11,153.353777
2481.858489,13,153.548133
1421.312791,11,153.718755
914.938838,9,153.835795
1703.981322,12,154.017329
1735.527265,11,154.181617
2159.870554,12,154.354624
1888.062968,12,154.525408
2166.068958,12,154.691279
3551.150962,15,154.896855
1767.772776,11,155.060568
1492.883545,11,155.233169
1649.759704,11,155.3854
1735.899325,11,155.541533
1480.906366,11,155.694909
1417.071647,10,155.835509
2011.851482,12,156.002793
1441.763387,10,156.146503
1844.352256,12,156.331761
1316.658957,11,156.49658
1107.360102,10,156.638876
2111.202928,12,156.79183
1541.200008,11,156.956103
1254.410846,10,157.10686
2160.392197,12,157.272101
1845.286537,12,157.437007
1113.530886,10,157.588556
1225.556231,10,157.722169
1284.943279,11,157.875893
1721.239446,12,158.039199
1517.08125,10,158.19446
1784.91056,11,158.346615
1869.262032,12,158.509895
1554.602831,10,158.644371
2010.1137,12,158.817757
1693.070649,11,158.972527
1750.430286,12,159.172915
1638.406358,11,159.320576
1097.684158,10,159.462662
1076.856549,10,159.606236
1582.391763,11,159.769043
2443.087972,13,159.943787
1422.623069,10,160.097006
1789.216485,11,160.2498
2265.767876,13,160.444294
1064.544612,10,160.594932
2168.646927,12,160.772274
1135.862016,10,160.925113
1910.780303,12,161.099761
1703.515663,11,161.243209
2074.77725,12,161.435419
2147.355016,12,161.608657
1417.066268,11,161.761676
841.172124,9,161.884597
1505.285433,11,162.048275
812.312438,9,162.182892
1763.94634,12,162.357466
2751.158365,14,162.56092
1853.268265,12,162.748075
1872.772691,12,162.902281
1606.187354,11,163.055107
1799.112495,12,163.229123
1101.373471,10,163.392783
1829.426982,12,163.555747
1607.443202,11,163.708937
2590.071247,13,163.902219
2100.824581,12,163.904249
1903.232888,12,163.917539
1681.270649,11,163.925106
1775.753376,11,163.932847
2029.909512,12,163.941409
1654.335035,11,164.119349
1856.040396,12,164.279589
1478.115213,11,164.44583
1594.558647,11,164.61779
1964.02899,12,164.783647
1181.194146,10,164.915782
2084.423796,12,165.079044
2459.829413,13,165.242488
1451.450856,11,165.415741
1883.224245,12,165.579355
1783.30609,11,165.721385
1886.563396,12,165.905644
2334.576924,13,166.090346
1038.01817,10,166.242603
1438.248249,11,166.396623
1730.809195,12,166.571722
1908.49686,12,166.746358
2576.398531,13,166.930675
1316.024969,11,167.081476
1817.969421,12,167.256149
2176.289285,12,167.431637
1531.365108,11,167.585809
1831.313506,12,167.759165
1407.701699,11,167.922661
1454.581067,11,168.084342
1827.790275,11,168.237591
1768.467784,11,168.411848
875.946295,9,168.535516
3314.230257,14,168.74003
1587.399014,11,168.904207
1761.743586,11,169.068389
2216.666262,12,169.229007
1425.58678,11,169.384029
1313.010551,11,169.538494
2359.979341,12,169.701946
1487.728084,10,169.844874
1726.978009,11,170.008567
2312.854685,13,170.192152
2128.455403,12,170.374745
2367.877938,12,170.556103
1277.964047,10,170.786711
2900.359759,14,170.983145
1559.419596,11,171.165333
1439.323168,11,171.335928
5116.204751,18,171.592893
3233.603018,15,171.836395
1405.575483,11,171.979929
2159.559655,12,172.173528
1084.715531,10,172.328559
2127.245456,12,172.529265
1795.680205,12,172.693372
2170.633504,12,172.866703
1648.562439,12,173.039989
1838.341579,11,173.193473
1337.556983,11,173.367284
2223.374716,13,173.579424
1828.699319,11,173.746409
1588.579302,11,173.907471
2325.703759,13,174.082493
2219.621231,13,174.26352
2126.889103,12,174.469277
1445.712971,11,174.629001
1879.866623,11,174.79809
1547.481704,11,174.97286
2223.613834,13,175.159802
1718.792222,11,175.332554
2093.215376,12,175.505817
1644.797498,11,175.668985
1251.937582,10,175.822153
3247.136378,15,176.027017
2518.277988,13,176.220728
1138.230698,10,176.361202
978.825057,10,176.508091
1333.718557,11,176.670651
1718.021529,11,176.822632
919.551251,9,176.946792
1362.638334,10,177.089455
2352.3161,13,177.282727
2571.325905,13,177.47053
3216.258862,14,177.676234
2200.98902,12,177.849458
1768.073279,12,178.033675
1724.864202,11,178.18577
1610.660919,11,178.348809
2636.102372,13,178.532629
2603.679742,13,178.644309
1933.14206,12,178.65242
2078.989488,12,178.660161
2237.763929,12,178.667718
1211.296326,10,178.673313
137.673927,10,178.847896
2681.954027,13,179.034416
1973.7176,12,179.208756
2087.669704,12,179.38252
1503.570964,11,179.52535
1329.689296,11,179.688437
2274.312306,12,179.852669
2719.931209,13,180.037077
1774.986231,12,180.237784
2051.971408,12,180.414163
1726.619249,11,180.604274
1628.748436,11,180.769477
4784.970551,18,181.04161
1840.668989,11,181.215243
1534.6775,11,181.359751
3280.205623,14,181.573721
1799.604478,11,181.757469
1191.027936,10,181.902071
1882.071198,12,182.073905
1515.477701,11,182.240181
2568.18903,13,182.421638
1925.047245,11,182.604981
2399.16045,13,182.780508
2452.947079,13,182.965724
1976.836546,12,183.118654
1507.561004,11,183.343133
2913.966802,14,183.566055
1878.645795,11,183.730062
2071.242279,12,183.894099
3819.477011,16,184.136501
1169.520659,10,184.281452
1477.300376,10,184.434849
3066.906783,14,184.627253
4456.802516,17,184.852237
2297.783535,12,185.018628
1757.883335,11,185.179683
1935.433113,12,185.344996
1050.675902,10,185.485005
1734.07594,11,185.630476
2085.073366,12,185.815884
4680.951983,17,186.044317
1790.362535,12,186.205924
2756.681425,14,186.401171
2775.474208,13,186.606477
2971.130895,14,186.791209
1784.292889,12,186.963237
1591.607529,11,187.120841
1971.423468,12,187.295499
2204.229525,12,187.480527
1582.825016,11,187.644438
1895.576968,11,187.806962
2028.347001,12,187.989118
2726.815562,13,188.166853
1845.250596,11,188.317624
2651.778937,13,188.512253
1580.658013,11,188.675806
2323.961092,13,188.879588
2144.504329,12,189.062497
2672.840415,13,189.28446
2237.274297,12,189.470017
2298.227186,12,189.643325
2756.227056,13,189.85514
1842.035414,12,190.029531
1888.678187,11,190.203543
2748.776192,13,190.396977
2860.692663,14,190.599698
1737.241786,11,190.790892
1951.715047,12,190.963208
2538.506986,13,191.127782
2666.054561,13,191.33997
2054.504027,12,191.513106
4015.430299,16,191.757686
3223.785524,15,191.961021
1655.241353,11,192.142127
1763.840176,12,192.305963
1874.134027,12,192.475857
1412.374491,11,192.639106
1246.707263,10,192.810962
1271.108727,10,192.955448
2623.388684,13,193.140728
4215.03358,16,193.364722
1446.647351,11,193.464305
2832.365839,13,193.466532
2380.580039,12,193.477395
1777.226518,11,193.483055
1635.700267,11,193.488355
1142.459142,11,193.657577
2908.52558,14,193.862965
2230.792457,12,194.045223
2928.960644,14,194.249883
4008.783644,16,194.463272
5478.016904,19,194.743131
1542.534839,11,194.917901
1815.7081,12,195.09296
3200.803045,14,195.276937
3427.554911,15,195.477963
1744.419761,11,195.644022
2714.633309,13,195.835578
1270.624921,10,196.021757
2849.729541,14,196.216919
1354.993671,11,196.385532
1939.191144,11,196.539032
1779.060977,11,196.733742
2497.004342,13,196.906044
2180.47441,12,197.089121
1518.444233,11,197.245856
3313.214356,14,197.451352
1903.683724,12,197.615332
2552.718831,13,197.82013
2988.730311,14,198.004409
4334.11203,16,198.226113
2810.885812,13,198.419492
1880.787083,12,198.592329
2103.660449,12,198.770419
4135.50931,16,198.979062
2115.607997,12,199.151381
2541.282479,13,199.345701
3173.538096,14,199.540214
1724.488798,11,199.701612
2579.211226,13,199.887819
1907.795412,12,200.07209
1842.422673,12,200.246038
2582.419645,13,200.430904
2096.822044,12,200.594058
1643.488097,11,200.75871
2373.838104,13,200.942306
1530.448145,11,201.095997
1738.143015,11,201.249127
2339.324519,13,201.444669
2839.104032,13,201.639247
8385.912113,24,201.967835
5035.149707,18,202.208939
2631.090685,14,202.40489
2745.46885,13,202.578523
1369.213148,10,202.731069
3497.157092,15,202.937401
2086.171179,12,203.11815
1460.223907,11,203.275805
1719.857036,11,203.441418
2617.316561,13,203.635931
1201.479176,10,203.798488
8438.413156,24,204.127407
4172.21757,16,204.351224
5358.582046,19,204.627485
2250.134414,13,204.8124
2750.915241,14,205.00603
3540.802274,15,205.229898
1854.556238,12,205.393185
4305.143442,16,205.617589
2781.486908,14,205.820898
1805.41032,11,205.98478
2780.723356,14,206.189789
2848.245231,14,206.375329
2547.190585,13,206.560114
2266.326009,13,206.741995
2416.758345,12,206.915688
1857.28624,11,207.064247
3014.745258,14,207.268629
2491.192043,13,207.441618
3261.438509,15,207.656492
1650.033574,11,207.821317
3621.694535,15,207.887226
6095.017521,20,207.897208
2749.895863,13,207.905492
3843.248859,16,207.912805
2555.545857,13,207.923155
949.760431,10,208.07754
2025.613293,12,208.24032
2989.908075,14,208.602015
2106.54689,12,208.795162
7111.225761,21,209.093285
3038.578653,14,209.298026
1583.567256,11,209.451855
3060.412625,14,209.665545
7628.791118,22,210.0459
1849.587532,11,210.201088
1968.666234,12,210.382631
2256.124405,12,210.548246
5398.136802,18,210.783033
2293.493964,12,210.952093
3312.282383,15,211.1508
1947.012734,12,211.334774
1351.954945,10,211.489218
3879.323327,16,211.721694
4268.966482,17,211.959661
4181.560782,16,212.18243
4109.473534,16,212.398659
2921.728686,14,212.623132
5040.166523,18,212.860997
1841.566392,12,213.045316
1834.360282,11,213.206504
1672.932042,11,213.350747
2981.443279,14,213.57104
1522.337534,10,213.734817
1355.486281,10,213.900183
1409.476566,11,214.043917
2013.758849,12,214.227318
4562.700698,17,214.500177
2971.780263,14,214.704838
1620.101413,11,214.847223
3530.276756,15,215.060428
1679.707878,11,215.243129
5267.748209,18,215.487218
3167.691641,14,215.681444
2216.617938,12,215.865098
5027.042124,18,216.148495
5441.139693,19,216.423879
1854.717151,11,216.59705
3009.330882,14,216.792027
4332.488761,17,217.056743
5390.10454,18,217.316818
3909.234579,15,217.517884
6670.810344,21,217.833366
2283.185485,13,218.02184
4572.177803,17,218.267359
3051.302735,14,218.457786
5079.327028,18,218.694133
4406.741996,16,218.927113
1468.245376,11,219.082051
2367.642109,12,219.253117
4931.576041,17,219.500164
4853.523108,18,219.754306
6612.417031,20,220.050278
5878.654513,19,220.3261
1992.907868,12,220.499375
6407.413649,20,220.780761
7643.29432,23,221.117486
1878.532,12,221.301369
5481.293783,18,221.556775
8602.115123,23,221.903626
9268.799018,24,222.232151
5989.388614,20,222.507526
5373.234575,18,222.63766
6327.093264,20,222.64803
3278.339203,15,222.658213
5532.926289,18,222.663342
7414.081432,22,222.674425
2708.241743,14,222.904275
5591.857301,19,223.202223
3899.188932,16,223.424483
3347.669404,15,223.630055
6320.348074,20,223.913901
2451.485018,13,224.097958
7088.682076,22,224.396412
7125.457781,22,224.703161
4605.376703,17,224.958504
2480.809106,13,225.153073
4104.145877,16,225.397559
4101.602873,16,225.626655
4771.325616,17,225.872448
2774.182606,13,226.068975
4145.758522,16,226.291401
5256.923272,19,226.540102
2419.766109,13,226.723739
1094.294621,10,226.878863
4860.560313,17,227.112612
4521.825235,16,227.347584
7755.195131,22,227.632603
1590.62953,11,227.796946
7638.904374,22,228.10177
4279.920015,16,228.37405
5138.485907,18,228.692027
5981.084719,20,229.028032
6887.667646,20,229.340198
6756.821543,21,229.680921
1699.933169,11,229.850689
5456.688963,19,230.14186
5126.053252,18,230.419584
8138.86651,22,230.773197
7587.089825,22,231.124947
1607.448322,11,231.305095
5483.162547,18,231.589893
6748.319538,21,231.885016
7583.135613,21,232.204046
7691.974444,22,232.553386
4869.11308,17,232.807697
7298.624494,22,233.162852
8135.988755,23,233.510972
6854.82828,20,233.808161
6862.262623,21,234.139149
7184.119697,21,234.422513
5629.174821,18,234.716005
6054.456739,20,235.049065
7173.223155,21,235.371172
6067.596985,19,235.667852
3343.660987,15,235.90478
7121.342175,21,236.235331
3933.809494,15,236.435318
5038.657166,18,236.718095
6999.598777,21,237.053977
6733.095671,20,237.430582
5091.192121,18,237.725558
7660.359869,22,237.875068
7791.258139,22,237.890696
7169.310641,21,237.907684
7769.956267,22,237.914576
7733.556103,23,237.924809
1892.037833,14,238.16665
6449.738123,20,238.509614
6829.896088,21,238.818607
6653.383348,21,239.182709
2729.942585,14,239.404515
9585.283463,25,239.801496
8484.890075,24,240.21917
9672.933678,25,240.636863
7584.654187,21,240.929762
6977.423573,20,241.2175
5183.934765,17,241.56615
7540.856347,21,241.964979
6833.760511,21,242.292876
7131.895654,22,242.674435
9445.520933,24,243.070341
6186.810839,20,243.404257
1789.211481,11,243.590216
7895.4846,23,243.893491
5754.219253,18,244.198387
9183.031054,25,244.642612
7699.782279,22,244.997402
5770.74673,19,245.342663
6757.394617,21,245.732689
8360.352529,23,246.124918
7325.54194,20,246.492415
8199.580496,23,246.901088
6396.429182,20,247.273835
9851.807471,25,247.637908
8821.01902,24,248.001772
7906.41607,23,248.300135
8236.35335,23,248.655354
7481.661045,22,248.972995
8959.898141,23,249.299787
9081.158837,25,249.795958
8339.273236,23,250.189809
10490.073579,27,250.647967
8547.006283,23,251.053434
6895.29946,21,251.387109
9388.693544,24,251.755276
9152.749908,24,252.206227
10575.247426,26,252.559384
11472.320529,28,253.133585
11205.412161,26,253.536012
1883.316833,21,253.894312
12539.611234,29,254.352937
10005.363344,25,254.477823
10935.801253,27,254.496117
11179.026608,27,254.513156
11105.446774,27,254.525262
11728.17042,27,254.537497
482.503079,9,254.681528
7423.583947,22,255.020622
11893.126944,27,255.532839
10388.55963,25,255.964134
14647.509823,32,256.478718
12355.433787,29,257.085109
4853.642849,25,257.434248
1437.213892,20,257.749806
12279.113313,28,258.157587
11841.24492,28,258.567968
9697.63876,25,258.949223
17730.977635,40,259.499483
10160.636176,25,259.905652
12758.093196,29,260.378731
14677.836981,33,260.879419
14229.372659,31,261.33704
12512.11266,29,261.742503
3411.922488,23,262.080378
13621.131592,31,262.499518
5937.044787,27,262.87596
11144.320318,27,263.242659
10361.515315,26,263.602481
15776.626336,34,264.100158
5950.037416,27,264.457274
13530.523671,30,264.865045
9933.261732,25,265.233696
13153.205174,30,265.630871
16778.22276,35,266.118603
14221.651126,32,266.567118
11454.071406,27,266.940062
1716.765716,11,267.080627
11753.349765,28,267.467297
10943.709072,34,267.927355
12684.162192,29,268.321825
11745.344455,28,268.718792
12004.07454,28,269.096042
16162.416283,34,269.268529
16621.748325,35,269.293511
16073.776603,35,269.317143
15228.30397,33,269.329509
15999.20346,34,269.349747
389.686545,9,269.754616
14574.848552,32,270.212936
28.522463,16,270.417899
15658.294717,34,270.980953
13660.625914,31,271.399631
13844.341839,31,271.858916
17338.629848,36,272.357554
14673.257103,33,272.810422
20603.239738,41,273.421508
14289.493432,32,273.86817
13902.562745,32,274.287132
14966.568466,33,274.734292
12544.471159,30,275.178212
10408.555445,28,275.694073
6507.168527,27,276.108319
20650.098064,41,276.688893
1397.714392,19,276.954399
11148.677574,29,277.324671
3285.371448,23,277.651254
21380.557869,42,278.251137
12390.847482,29,278.709856
2765.954284,21,279.022069
12564.785352,30,279.479226
13388.894109,31,279.913045
10547.48026,28,280.341102
19509.611407,40,280.88149
11741.89833,29,281.329435
12948.393755,32,281.764689
23807.068786,44,282.406447
16794.184245,36,282.94385
12462.597286,31,283.340815
13377.178448,31,283.779421
14080.814522,32,284.055348
12141.760802,30,284.075737
13328.396398,31,284.093954
14013.137094,32,284.112614
13479.264038,32,284.131689
12647.045616,33,284.601909
2128.633636,20,284.916674
18230.651035,43,285.479795
17643.219998,37,285.97898
12884.534586,31,286.439518
11471.21816,29,286.838243
12537.671044,31,287.274395
12589.295858,31,287.694695
13362.075787,32,288.124046
15515.357949,35,288.604312
13799.309717,33,289.052423
12271.633096,30,289.459392
13410.702028,32,289.895102
13310.834677,32,290.355373
14142.556746,33,290.813568
26723.900691,48,291.469192
11192.28749,28,291.876946
13792.268135,32,292.320831
12726.323517,31,292.748194
14428.141132,33,293.206839
8967.247576,25,293.588493
-1469.519867,13,293.783037
11821.86072,30,294.199538
13283.357663,31,294.669621
10336.173254,28,295.051576
12879.186986,31,295.531714
12251.674382,31,295.969421
11279.29127,28,296.337277
3306.795143,22,296.653361
14078.345708,32,297.132406
14796.494963,34,297.592181
15204.883854,34,298.064507
15905.028151,35,298.207588
13441.863291,32,298.218075
11885.011937,30,298.238909
13543.914821,32,298.249679
13806.907428,33,298.270719
22917.540487,45,298.983522
21915.612306,43,299.599325
11983.021984,30,299.998884
1137.123062,18,300.254507
12794.978383,31,300.705089
32254.028182,52,301.402895
19153.151953,39,301.934172
3480.663778,23,302.25665
11946.908753,30,302.664076
12481.829723,31,303.153163
17026.285704,37,303.712425
15231.35323,35,304.209203
2204.798924,20,304.512526
12882.950561,31,304.995149
14373.720538,33,305.513433
14963.551131,33,305.971376
11262.726447,27,306.375172
17107.30738,37,306.907766
4492.764348,24,307.245425
16464.995825,36,307.72565
19822.474226,40,308.265056
2536.252506,21,308.593787
15895.59719,35,309.094164
3296.237727,23,309.423337
32474.018828,52,310.138178
18560.27605,39,310.670135
20941.578009,42,311.240347
16760.632856,36,311.77863
-108.131154,16,311.992255
16898.053573,37,312.532037
2854.949946,21,312.611188
10258.123926,32,312.63232
20590.609979,45,312.667386
32642.937663,50,312.700067
11515.069377,34,312.716621
192.162143,9,312.848199
6741.257785,27,313.228357
3788.369693,23,313.58306
18421.920495,38,314.13951
4492.767492,24,314.49088
22216.058658,44,315.128443
31478.574248,57,315.97033
32451.893742,52,316.755918
20155.918481,46,317.421474
8479.941793,30,317.880349
32104.75694,51,318.546841
22327.796195,44,319.157757
23504.158751,45,319.814871
27440.619548,49,320.516749
1009.007379,18,320.762018
-512.838204,16,320.996534
21318.510627,42,321.64051
29167.140405,51,322.416713
1339.171639,19,322.722241
32860.317147,51,323.451514
26623.946723,49,324.084958
19514.981136,40,324.690394
32337.813102,51,325.432298
23532.61229,45,326.042964
18503.057921,39,326.581271
32965.802226,51,327.16337
1812.093505,20,327.181669
32415.616697,51,327.208421
32618.171255,51,327.233739
4999.60298,25,327.245443
938.887039,9,327.401876
27595.48337,50,328.0647
32808.501007,52,328.756834
11797.108541,35,329.227286
2607.205346,21,329.562444
24291.96485,46,330.266772
33152.92947,52,330.993737
32881.75466,52,331.751596
32417.715991,51,332.453359
18277.442942,39,332.996425
32833.472014,52,333.714438
25010.875174,46,334.32372
24202.897722,45,334.984823
26738.015314,49,335.671869
32915.452901,52,336.373852
27327.228462,49,337.03749
26334.60459,48,337.679055
30084.510204,52,338.389437
-449.483392,16,338.637094
32643.565287,52,339.352034
27523.135713,50,340.03601
25165.864872,46,340.655887
32539.022068,52,341.199722
-1370.409291,14,341.209891
-565.911707,15,341.221008
32416.921947,51,341.249843
33224.434817,52,341.270949
792.912615,9,341.412146
33127.434729,52,342.087071
33168.531942,52,342.793079
4877.155812,25,343.151425
576.257204,17,343.407951
8304.019441,30,343.878743
29167.232717,51,344.594574
5968.653818,27,344.982706
15640.833115,35,345.557064
32485.767011,51,346.271794
1177.136594,9,346.432483
32492.682195,51,347.176533
528.659543,18,347.429463
33374.93573,52,348.162975
30599.920075,53,348.94665
25728.239149,47,349.589741
32124.3927,51,350.324718
26868.945189,49,350.994653
32149.353756,51,351.748716
1623.071278,19,352.006461
26155.207983,48,352.698685
32290.460163,51,353.421731
7217.686619,29,353.821047
2660.854323,22,354.126518
31630.87051,59,354.977153
2784.578015,22,355.29429
-758.656735,15,355.498303
33531.15541,52,355.59918
33721.084896,51,355.624323
11726.777547,35,355.641991
1912.846755,19,355.652161
33069.259418,51,355.677897
1067.707203,10,355.832788
2701.955283,22,356.153387
2071.384902,20,356.441204
33176.90883,52,357.196819
32420.933484,52,357.941365
33341.798007,50,358.670032
-340.733873,16,358.884178
33380.409815,52,359.598377
11207.454303,34,360.07618
2453.177818,21,360.370583
32003.913024,51,361.079181
27376.630767,49,361.761072
7591.261997,29,362.18783
28067.809055,49,362.872365
28296.615241,50,363.584534
7191.290172,29,363.972632
33530.838547,52,364.715339
33202.676884,52,365.492538
1704.953807,20,365.777701
33042.638388,51,366.512707
31907.416432,51,367.239275
30327.470058,68,368.236355
32801.256097,51,368.985873
32114.109754,51,369.774548
32359.650421,52,370.082004
32409.478198,52,370.110069
33019.778589,52,370.134411
1483.904403,20,370.147
31811.311998,51,370.173381
1141.995062,21,370.528238
34117.922504,52,371.324883
27664.884231,49,371.9751
33066.355698,52,372.695381
27782.046093,49,373.397433
28582.266183,50,374.068848
27065.226094,49,374.759887
1329.48332,9,374.890223
32238.88878,52,375.636684
32085.915346,51,376.327554
32072.132207,51,377.090875
20056.13982,41,377.681373
-1790.536525,13,377.904123
29690.772743,50,378.672976
32968.515927,52,379.493775
28299.051823,50,380.243092
26014.587777,47,380.933438
30555.910034,52,381.680137
32504.332108,52,382.424289
483.968088,18,382.661635
947.795814,19,382.948733
14745.518032,39,383.507196
3033.316139,22,383.812866
32988.329836,52,384.549299
23322.905567,45,384.691959
1062.335182,19,384.702166
24064.569792,46,384.730196
24540.361418,46,384.752492
27792.922453,49,384.774228
33327.850518,53,385.563681
31626.457311,51,386.322327
32744.386383,52,387.035395
33084.91399,52,387.789244
3379.265478,23,388.146318
1406.973702,19,388.425351
32304.451264,52,389.207039
32742.285682,52,389.999643
32151.40707,51,390.723819
32504.003693,51,391.506464
32651.859599,51,392.200781
2609.034838,21,392.49834
28179.096983,50,393.191942
32178.593755,51,393.907675
32501.435754,52,394.591593
28945.286972,50,395.318308
2816.067793,21,395.624549
-356.740293,16,395.86937
32963.128053,51,396.555236
628.130975,17,396.791683
3771.663325,23,397.129203
17309.378437,42,397.714415
1252.911852,18,397.968722
32569.932067,51,398.694741
32876.219604,52,399.124376
11509.286051,34,399.142917
31988.88325,92,399.186445
32206.866678,51,399.216145
33458.987711,52,399.238461
683.58519,7,399.371548
2383.851508,21,399.666984
32692.910545,51,400.424168
32386.900234,52,401.148544
32267.561715,51,401.841244
-438.347631,15,402.068644
33529.492635,52,402.781076
33815.679585,52,403.474651
4795.848016,24,403.83198
33112.411673,52,404.55891
31380.310971,51,405.335604
32956.804319,52,406.080568
32628.543663,52,406.834577
32266.321237,51,407.575869
32235.868507,51,408.313167
2724.433646,22,408.628947
32446.545359,51,409.323709
10905.40185,33,409.784051
8707.309085,31,410.21408
733.1908,17,410.448581
32006.739246,50,411.185921
32550.522739,52,411.932829
2336.938974,21,412.218628
31141.532509,60,413.11637
32699.645887,107,413.625056
6022.158144,26,413.644178
31892.783008,50,413.668701
33198.208299,51,413.693785
32963.990242,52,413.721263
32920.677029,52,414.482709
-1022.641802,14,414.686856
33155.487718,52,415.439984
1254.526935,19,415.695595
2614.150375,21,416.008168
1232.198759,19,416.285189
32120.302071,52,417.00692
2651.541178,21,417.303378
33910.738022,53,418.026128
1665.740474,20,418.330177
32007.960893,51,419.066682
31980.807378,52,419.804043
32078.0845,51,420.537446
32695.210714,51,421.24162
32487.973077,51,421.98572
32276.389703,50,422.677556
32712.751049,51,423.39575
479.617833,18,423.661225
2990.08018,21,423.936949
32179.822872,51,424.641486
32656.267627,52,425.375838
2016.656178,20,425.69159
33212.841103,52,426.38654
29436.300695,80,427.51285
32562.118514,51,427.890654
30773.594748,55,427.925812
33154.986493,51,427.952986
2151.006997,21,427.961106
2435.717247,21,427.971427
32859.561969,52,428.708449
32406.913327,51,429.412694
-842.658634,16,429.637334
32336.154351,51,430.303008
32952.538712,51,431.01652
33130.91586,53,431.729306
76.353146,17,431.984926
32851.437864,52,432.668506
1178.108155,19,432.933813
5361.723022,26,433.29307
30762.06001,53,434.082806
33525.913178,52,434.859987
919.29379,18,435.133556
31651.254002,62,436.056301
32913.760241,51,436.803344
33311.967452,52,437.536844
32685.431326,52,438.280146
31447.912435,109,439.804515
27608.419251,49,440.49034
32671.93602,51,441.218708
32891.883329,52,441.964041
13089.494761,36,442.145924
-1535.296184,13,442.148018
-559.29886,15,442.159658
32829.376633,52,442.189989
759.291446,18,442.20112
9408.770207,33,442.677476
32810.789072,51,443.440462
32650.545626,50,444.151505
33529.211008,53,444.924647
32923.910942,51,445.715441
1646.874696,19,445.998202
32706.301405,51,446.742588
-759.454483,16,446.985175
32838.98864,51,447.736113
1119.872783,19,448.028297
4062.460404,23,448.368035
32365.033845,50,449.042824
1137.699586,19,449.328027
1838.088972,19,449.593545
1485.434589,20,449.868807
-421.859019,16,450.082348
33522.209113,52,450.82963
32939.414091,52,451.556076
2079.224714,20,451.842828
17016.569032,42,452.446351
33278.432345,106,453.919171
33467.313253,52,454.690152
29674.097655,51,455.421971
32177.09618,50,456.117044
32878.449632,52,456.65304
2040.968748,20,456.663106
6647.391482,28,456.688648
-1162.687007,14,456.69934
32892.390934,52,456.723486
32767.541483,50,457.478927
2244.411995,20,457.764483
33067.863072,52,458.467238
3379.438565,23,458.762422
33742.085206,51,459.488289
32183.773663,50,460.195275
33336.307388,52,460.912112
32636.609659,52,461.625562
32001.649391,51,462.359627
33498.600211,53,463.108172
1727.892029,20,463.394352
33691.891532,52,464.119285
32915.326469,52,464.86478
33348.432712,52,465.549525
31111.644665,70,466.560159
2616.24617,21,466.86587
32157.056174,51,467.563919
32257.310412,51,468.235269
32867.489546,52,468.958976
32783.494095,51,469.644854
32446.134968,51,470.388106
31993.560961,51,470.742719
33214.164168,52,470.773462
32875.847827,52,470.805999
33194.321334,52,470.827014
32339.661371,51,470.856745
33458.921873,53,471.623388
32276.209337,51,472.332032
1491.792076,19,472.606584
4134.530186,24,472.948928
25120.909734,46,473.611652
32285.493053,51,474.326524
3043.400001,22,474.652834
-670.167985,15,474.878857
33054.111593,52,475.561998
220.675333,17,475.820046
366.033403,18,476.075903
32005.778821,50,476.811989
31364.61237,67,477.740204
3019.755901,22,478.084365
31494.068542,81,479.301273
34317.336617,115,480.94611
33036.301431,51,481.66919
32506.080721,52,482.390656
29936.976326,51,483.112566
939.435992,18,483.38935
32135.083448,51,484.082891
4331.840609,24,484.418604
32335.862114,50,485.092687
2989.989007,22,485.104997
32400.569081,51,485.125174
32951.054875,52,485.21153
32774.049965,51,485.238468
33247.485987,52,485.269423
32372.941778,51,485.995339
32046.761909,51,486.71277
32561.974306,51,487.420094
33561.006516,52,488.114161
8935.185246,31,488.555965
32753.529105,51,489.271851
32563.026625,92,490.552088
-1891.279855,13,490.724647
-15.422274,17,490.988403
1632.918655,20,491.267521
32898.036024,52,491.973083
33723.138628,53,492.707067
33324.699778,51,493.39168
445.574999,17,493.667758
32773.14249,51,494.412074
32359.219246,50,495.1379
33458.765379,51,495.87339
32533.045106,50,496.632633
593.132325,17,496.876116
32331.89983,50,497.571705
31946.580717,91,498.798435
3229.382362,22,499.332353
32217.928931,51,499.358395
39673.853337,145,499.424731
32479.703925,50,499.443677
1174.182117,19,499.453892
31665.87769,52,500.21931
2805.191695,22,500.518156
32435.35048,51,501.319899
32749.901184,52,502.186364
1714.911905,20,502.540924
11727.455857,35,503.138711
322.957167,17,503.400265
5324.208897,25,503.827132
32901.189667,51,504.668369
641.059086,18,504.953617
32918.130496,51,505.755344
33485.430043,52,506.498335
32177.506209,51,507.213848
7357.614571,29,507.621347
-31.069036,16,507.848104
33438.103129,52,508.589729
1242.239676,18,508.876113
3411.857811,22,509.180328
5514.492289,26,509.576628
626.070054,18,509.886564
32519.417316,52,510.729467
31461.333962,81,511.991363
32655.140408,51,512.723915
32630.362645,50,513.490021
1699.477124,20,513.784755
33024.687174,51,514.509983
2305.962223,21,514.765456
128583.33763,337,514.910335
17152.559999,41,514.930793
540.610195,17,514.938826
33281.005798,51,514.961426
31741.371282,52,515.707522
-146.775227,17,515.950936
244.936673,17,516.20783
32503.513411,100,517.637471
32970.712265,52,518.341376
33115.896835,52,519.077111
32610.670169,52,519.899778
5472.603974,26,520.294797
33629.299614,53,521.059999
33845.02238,51,521.829726
32840.332089,52,522.623523
4280.413304,24,522.980229
5379.647717,25,523.355274
467.950725,18,523.631063
32681.714124,51,524.362067
8480.188846,30,524.791312
33741.838312,53,525.54583
9624.487413,32,526.027123
32431.333962,51,526.75216
1279.213522,18,527.008045
-1358.098495,15,527.221886
33224.299455,52,528.00789
32819.869497,51,528.798221
5740.058021,26,529.157553
7798.814091,29,529.617524
33453.972296,52,529.637701
32628.287431,50,529.669075
33638.291038,52,529.688905
-1767.937825,13,529.70123
4040.635492,25,530.067779
32511.461381,51,530.78115
33391.295054,53,531.56698
33761.223498,51,532.292603
13555.33248,37,532.815025
33850.873742,53,533.554332
33414.555342,52,534.319778
32281.950095,51,535.066295
32779.823665,52,535.812334
32099.807192,50,536.535872
32879.910897,52,537.270046
32824.168117,51,537.968394
32687.371158,52,538.69919
33043.517023,51,539.375549
18139.133208,43,540.008264
32947.859586,51,540.71369
32484.170658,51,541.424592
32545.877079,51,542.07876
5722.702999,27,542.445985
32189.934456,51,543.159805
11980.431835,35,543.665758
4869.649024,25,543.851221
14672.466006,38,543.879261
33900.790023,52,543.91835
8385.11573,30,543.937382
32958.36237,52,543.973193
6012.967987,27,544.355567
33105.985428,52,545.117093
30834.884454,72,546.115236
2414.536819,20,546.440478
32663.658695,52,547.154323
33119.779235,52,547.927884
1632.826561,19,548.194425
32369.311376,50,548.911361
32704.837223,52,549.618183
32172.803577,51,550.291437
32970.588054,52,550.980855
32654.687922,52,551.734065
12116.384167,36,552.244426
9141.351962,31,552.661946
1088.421184,18,552.928013
33124.556215,53,553.694278
32763.789954,52,554.416547
7874.167989,30,554.875838
31958.954646,51,555.591193
32981.287793,51,556.274944
4767.812894,24,556.621429
9585.707617,32,557.079471
109.248244,17,557.324262
2382.154567,21,557.641124
11406.175389,34,558.172789
32359.858874,51,558.205369
32466.285855,51,558.22386
11836.92282,34,558.244504
-664.838595,15,558.252825
32484.701164,52,559.008529
2416.364522,21,559.285418
-440.324113,16,559.499985
33421.027971,52,560.212831
32616.545977,50,560.938802
32750.641621,51,561.66825
33819.582532,53,562.438042
32710.42052,52,563.181447
1897.932992,20,563.458079
33363.884723,52,564.191789
2742.027241,13,564.374033
5439.912349,25,564.732231
32601.196497,51,565.464414
32866.289618,52,566.243149
33012.713787,51,567.024365
32467.054583,51,567.790373
-1155.353284,15,568.022253
32890.292129,51,568.761383
32741.354526,51,569.478051
33348.455821,51,570.252942
32810.632614,52,570.986017
4674.361396,25,571.33251
5451.422144,26,571.706606
32938.780995,52,572.401519
5813.646207,26,572.623906
33117.010302,52,572.652874
32571.805169,51,572.675852
2282.999613,21,572.690865
31973.628248,51,572.715835
32190.170513,52,573.483026
32205.634014,50,574.155959
33482.989277,52,574.886988
32794.512222,51,575.669843
30488.903423,80,576.982115
30425.985776,76,578.136423
-2153.22693,12,578.320859
8716.226648,31,578.803471
8452.057347,30,579.203266
33886.545255,52,579.960032
33406.729503,51,580.745918
33123.218233,52,581.511417
1757.260634,20,581.805362
32454.761571,51,582.524025
32392.23677,51,583.268978
1478.125288,19,583.53405
31251.855211,67,584.459296
1261.30683,19,584.726115
32599.596856,52,585.468077
32770.239983,52,586.257807
32803.74485,52,587.060066
5256.882716,25,587.468664
1304.184389,19,587.47913
1684.130915,19,587.489648
32797.460056,50,587.526496
3336.060441,22,587.538408
32978.658171,51,588.29055
9362.274932,31,588.717325
3761.672512,23,589.043538
32321.271867,50,589.766617
6634.063541,28,590.226393
6022.461653,27,590.620898
32565.565323,51,591.338541
4017.094092,24,591.703263
32824.455739,51,592.389849
32057.001177,50,593.104032
32185.035307,51,593.831297
3942.041964,24,594.16561
32731.244996,50,594.859927
33462.535774,52,595.617162
33101.072611,51,596.313497
2231.406323,21,596.639086
8055.010334,30,597.041209
4867.428013,25,597.389446
16400.705811,41,597.957372
19483.160755,45,598.585415
30596.077876,66,599.482782
1297.172131,19,599.749428
32547.043877,50,600.455488
2450.900183,21,600.740972
32700.861469,51,601.483804
32549.537431,50,601.728778
-1085.326418,15,601.73901
287.156941,17,601.749364
33786.495336,52,601.777894
33020.872212,50,601.804994
1043.448214,19,602.066689
948.826486,19,602.313729
4959.589819,25,602.690132
5355.204698,25,603.057961
10242.988849,33,603.506632
32436.873435,51,604.191396
2679.325826,21,604.499923
16572.374218,41,605.092343
33459.310711,51,605.797217
33831.303868,109,607.352266
32937.834266,52,608.141923
321.277579,18,608.395019
32909.321767,50,609.11971
30938.076053,84,610.370957
32278.445556,52,611.122328
9369.487894,32,611.601871
32509.86406,52,612.40034
31319.383395,85,613.583405
1650.092785,20,613.859625
21467.417002,47,614.544156
33565.820714,53,615.287792
17282.309463,42,615.857948
724.475327,18,616.117723
8954.062088,31,616.155527
32987.400688,51,616.1895
-1166.57601,14,616.194613
-712.296586,16,616.20594
1633.524433,20,616.20594
32743.932271,51,616.962165
7933.411765,30,617.383789
33491.246496,52,618.119433
463.251987,17,618.364779
33068.465443,51,619.057236
33821.692041,51,619.787173
32610.852965,51,620.472639
32813.577911,51,621.185908
9824.719029,32,621.634729
30754.799865,73,622.645801
30663.938272,71,623.597804
3033.439557,22,623.935903
31764.493397,50,624.630629
19511.456771,45,625.273953
31712.093135,82,626.366586
33376.941987,51,627.092066
1827.834157,20,627.438956
6894.451024,28,627.86738
3875.264617,23,628.202323
16131.121943,40,628.735176
32424.463395,51,629.431317
32545.208248,50,630.097773
33246.055177,51,630.24092
33496.657712,52,630.269121
32634.313056,51,630.292735
32646.834934,51,630.324596
32509.692559,50,630.35521
32180.093444,52,631.144575
31668.569937,50,631.874236
6956.453012,29,632.298441
32817.789772,51,633.03258
31958.496358,50,633.756206
11343.716142,35,634.264819
33727.868804,52,634.969087
32643.197824,51,635.758773
32604.039607,51,636.482153
32066.688504,50,637.204533
13790.270708,38,637.728964
33754.257601,51,638.463811
1651.768986,20,638.738635
33077.031888,51,639.463548
33399.389578,52,640.219088
32753.670268,51,640.961544
34224.364481,52,641.714813
33234.919883,51,642.556453
32627.943717,52,643.396847
30785.067628,92,644.817745
15031.817355,39,645.103039
32845.661417,51,645.123448
-528.210485,16,645.134049
31956.119757,50,645.163491
32949.428142,51,645.195942
2065.933403,21,645.502812
32398.927292,50,646.242361
33818.455615,52,647.038909
30168.326751,86,648.19043
12807.278336,36,648.70226
32678.716475,51,649.461828
33026.144636,51,650.157107
33671.557703,51,650.884738
32395.609107,51,651.610412
2682.964271,13,651.804938
32974.985468,52,652.533261
831.16269,18,652.799596
32156.63404,51,653.510698
4994.786146,25,653.927776
10893.888872,34,654.417889
32547.61731,51,655.161695
2417.504142,12,655.325383
33152.405734,51,656.055546
1651.374742,20,656.329346
33070.048565,52,657.090021
31969.872077,51,657.810424
-550.329999,15,658.025929
32732.720653,50,658.699771
32609.606616,50,659.424094
33385.430128,52,659.53664
39592.023612,146,659.614
32622.005361,51,659.637647
-646.135098,15,659.640907
33119.705462,52,659.670991
33136.840996,54,660.455978
8781.93344,31,660.906622
1748.669586,20,661.182146
30616.662205,92,662.41818
30330.888024,79,663.514035
862.434597,18,663.828053
32586.203927,51,664.533515
32409.294341,51,665.228862
33219.922675,51,665.951556
1471.315999,19,666.225033
33631.626832,51,666.97407
32648.996019,51,667.67252
14619.736097,38,668.203456
33383.333894,51,668.907056
32205.663517,51,669.571461
-59.614621,17,669.816235
32822.130562,50,670.508449
33560.533021,51,671.232545
32826.509751,51,671.9438
17.313715,16,672.187482
3410.067409,22,672.515604
330.663637,17,672.74333
4621.893738,25,673.118389
-822.591571,15,673.34158
4293.063809,24,673.680331
32000.296877,51,673.774656
13562.512822,37,673.794889
32841.152152,52,673.823417
32075.354781,51,673.852634
33020.109534,52,673.875472
32516.865043,51,674.562817
33552.488481,51,675.326061
33077.967302,52,676.099398
30051.766875,79,677.24516
33352.055724,52,677.997324
32589.202062,52,678.729852
2700.852038,22,679.061574
33050.478804,52,679.835143
33140.05743,51,680.550498
2451.038317,21,680.833746
4449.179411,25,681.171921
30304.657648,76,682.24377
34167.038015,52,682.946021
32762.937698,50,683.676129
32383.850432,51,684.390672
32750.716146,51,685.10607
7278.84168,28,685.522178
8608.816756,30,685.952471
7311.586076,28,686.364286
30423.615296,68,687.320289
2136.335867,21,687.649464
1845.121373,20,687.927061
32335.69297,50,688.213642
410.164251,17,688.223843
32126.481233,51,688.252628
32947.971931,51,688.278825
32692.35252,51,688.304667
32248.386146,51,688.99296
32189.665497,51,689.688675
31371.288276,79,690.763498
9972.655206,32,691.2236
33676.115157,52,691.979542
33694.566194,52,692.693905
-606.286849,16,692.908217
2814.726108,21,693.225536
31723.322814,50,693.947708
34076.956954,52,694.684042
1725.928264,20,694.98107
33169.059414,53,695.688393
6909.529495,28,696.096154
30571.234032,94,697.439094
32666.315949,52,698.18368
31222.520952,71,699.282249
32408.803058,51,700.04601
10980.798602,34,700.566616
32365.051993,51,701.346159
32140.746454,51,702.068758
1030.037427,18,702.632383
6922.779963,28,702.652632
7396.3359,29,702.664604
867.054725,18,702.676042
32739.383223,52,702.701234
32598.944962,54,703.451141
4766.182036,25,703.808823
32293.888457,51,704.557791
33509.579836,52,705.278557
163.055363,17,705.533512
33054.66775,52,706.252954
-1902.585543,13,706.46895
33582.6107,53,707.200877
33428.812382,53,707.952542
33315.230997,51,708.76491
30669.431482,62,709.73553
-559.747646,15,709.947396
7631.180753,29,710.426141
33797.024719,52,711.236148
33076.694471,52,712.041055
1864.675073,19,712.310328
31497.020765,63,713.326436
4066.249155,24,713.663607
32917.364266,51,714.410265
33228.616671,51,715.104915
33365.318001,51,715.820319
4099.709472,24,716.17821
1954.828445,20,716.473633
-1372.700765,14,716.678091
31969.023018,50,717.413548
32729.057599,51,717.437959
32399.804324,50,717.462795
32938.037224,50,717.485211
31889.075021,50,717.510359
32934.625144,52,718.216573
31699.853963,88,719.519297
4664.129953,24,719.884704
32210.256538,51,720.654841
1180.002603,19,720.942828
-855.869375,15,721.154546
33336.177004,51,721.914114
521.979378,18,722.186005
32146.582723,51,722.982034
32919.389592,52,723.744401
-1235.83026,15,723.960096
31347.832829,101,725.360068
30619.003659,71,726.34931
32629.85007,50,727.037302
33148.096393,52,727.749027
32140.075359,52,728.452615
9329.085441,32,728.910294
581.040719,18,729.156672
33009.349224,51,729.858242
2103.404829,20,730.145142
33235.816138,52,730.910742
33053.3664,51,731.658999
32966.256685,52,731.894714
33313.808454,52,731.926836
32787.287178,51,731.948675
2079.643084,20,731.96465
32390.715636,51,731.987963
32972.095529,52,732.743355
32481.710737,51,733.417054
32522.164288,51,734.155888
32875.610359,51,734.86032
32388.47075,51,735.591757
33207.355629,52,736.388031
32931.909712,51,737.121824
-573.738295,15,737.345956
16948.531876,41,737.929268
2260.261891,21,738.214877
473.867364,17,738.468205
31540.495183,67,739.398008
8577.438014,31,739.8565
32469.060053,51,740.58067
2124.920153,20,740.865683
32300.879006,51,741.625626
1028.283284,18,741.915296
33088.858387,51,742.658015
3742.894504,23,743.024221
32527.031198,50,743.725164
29993.177797,72,744.793966
32395.807884,51,745.529849
7859.862831,30,745.949167
31953.729474,50,746.430766
3369.846687,22,746.449047
32819.724142,52,746.481752
33064.341569,51,746.510786
33252.392463,51,746.534484
4508.842144,25,746.858171
32498.102524,51,747.586168
32544.781633,51,748.298184
-296.570343,16,748.523198
33243.141139,51,749.208197
33515.303095,52,749.921206
32764.631779,51,750.604379
33064.818184,52,751.325876
33448.937677,51,752.063828
588.840417,18,752.329093
32592.389432,51,753.021239
32761.90857,52,753.702445
34076.093675,52,754.416406
36502.71761,132,756.330069
-86.852192,16,756.564482
33493.975478,51,757.295418
32822.484533,52,758.03222
32123.960751,50,758.725863
32694.620792,52,759.461932
33134.707042,52,760.239973
32292.730515,50,760.564875
31753.206205,51,760.590439
32037.355436,50,760.616499
31964.310979,50,760.638421
32563.955875,51,760.667446
541.84777,10,760.823886
32037.569309,51,761.550067
32501.222976,51,762.266626
4171.334974,23,762.686426
33838.519423,53,763.463683
2281.288929,21,763.788379
32757.993907,51,764.561366
33199.071558,51,765.261597
32920.211337,52,766.061715
29957.557983,73,767.138129
31834.030528,50,767.858597
32806.480701,52,768.583266
32834.065166,52,769.331555
3253.919023,22,769.648787
32235.601009,51,770.406343
-227.211725,17,770.641161
31945.774268,50,771.338295
1803.369147,19,771.60581
32396.82649,52,772.348816
32612.888846,52,773.13343
-374.925471,16,773.367854
32565.193362,50,774.119447
6208.238252,27,774.534598
14059.215615,38,775.131741
32978.722734,51,775.387811
32888.587678,52,775.433246
32572.15913,51,775.461105
33667.231491,51,775.495247
-1992.72805,13,775.495247
32029.818427,52,776.369554
32983.531392,52,777.211283
2772.468212,22,777.536684
32778.535907,51,778.296427
31541.791556,98,779.717444
31177.041621,72,780.818422
35823.865498,129,782.523062
33638.746513,52,783.215353
4176.76159,24,783.575032
-377.377103,16,783.810312
32472.143939,51,784.554213
33427.564524,52,785.260614
32578.357499,50,785.972151
33374.411841,52,786.741344
969.41268,18,787.01638
32957.750144,52,787.775082
32546.17343,52,788.506387
32865.406455,51,790.017553
32083.202542,51,790.044523
32992.104398,51,790.069475
2592.270084,21,790.083661
2111.026429,21,790.096302
32270.074011,53,790.851456
30611.34408,71,791.849382
6346.292047,27,792.228637
32031.674441,50,792.891947
287.023693,17,793.154285
30798.455546,65,794.047098
33808.21672,52,794.783144
32501.969076,51,795.522805
32587.620045,51,796.235823
33258.460301,51,796.944793
32181.370682,50,797.59714
33811.465584,52,798.329074
33386.448563,52,799.034678
32922.948212,52,799.758052
32392.192638,51,800.482233
2293.417922,20,800.759368
7346.578179,29,801.178204
33130.818925,51,801.899434
32743.851199,51,802.648424
32436.624914,51,803.351076
33447.861308,52,804.057542
769.473729,18,804.087674
32584.427139,51,804.118515
33313.559133,51,804.145071
15178.351007,39,804.164747
32796.922842,51,804.19157
31817.19725,53,804.926605
40469.928251,149,806.903975
2977.688575,22,807.249269
32178.626268,51,807.9923
32411.541485,51,808.724512
32989.832533,52,809.474945
33518.941506,52,810.219466
5759.652335,26,810.598241
689.975555,18,810.853543
32733.341197,50,811.542676
32794.480053,52,812.274803
32304.066602,52,812.968868
32492.708557,52,813.701429
33568.598539,52,814.427146
53518.168648,190,817.09213
32286.462661,51,817.828254
32152.564306,51,818.227385
32663.466161,51,818.250675
9090.378107,31,818.268318
32131.103546,51,818.295614
32072.618233,50,818.317785
32306.821271,51,819.044731
32659.310385,51,819.731598
32888.51896,50,820.416603
32334.189768,51,821.153256
33196.110839,52,821.857279
32513.646194,51,822.519291
32687.380098,50,823.231027
32608.76321,51,823.918845
32514.759891,50,824.619675
31701.419968,51,825.313422
32987.004185,51,826.078443
3663.383657,23,826.414425
33450.095975,52,827.110693
32844.321893,51,827.832819
32832.341526,51,828.56756
4590.535218,25,828.936
32177.15007,51,829.687842
33631.185992,51,830.446552
32780.916785,52,831.206644
32642.849357,51,831.949564
64396.065088,220,832.559119
33027.610351,51,832.589565
9607.006768,32,832.609923
6382.857687,27,832.620501
33761.626041,52,832.654167
2992.538884,22,832.979184
14004.325696,38,833.500096
32564.089104,51,834.232607
8865.234514,31,834.704468
32578.660945,51,835.409228
32280.654598,51,836.157393
957.738534,18,836.419155
50632.700318,184,839.099665
30708.316152,66,840.054025
32524.020321,50,840.760266
33177.958522,52,841.553916
32535.633468,50,842.299234
32733.032534,51,843.042745
32798.603345,52,843.771487
32902.545794,52,844.528187
10546.369615,33,845.001441
32203.991102,50,845.687667
413.29442,17,845.911168
32912.084461,51,847.069458
32588.312193,51,847.091757
33088.873376,52,847.120379
32447.181782,50,847.148344
32493.580139,52,847.181088
6983.389091,28,847.584885
32591.124991,50,848.300383
32771.641867,51,849.014273
37890.68119,131,850.839628
32514.86889,51,851.574947
12979.643931,37,852.109643
33126.789331,51,852.861094
31490.198073,51,853.644404
33325.356923,52,854.388921
5445.139395,26,854.736287
38552.739009,143,856.887585
31915.03758,50,857.61365
33049.712616,52,858.429744
32713.726459,51,859.149247
6143.948953,27,859.507741
33288.607657,52,860.263217
32736.062823,52,860.973848
3527.177242,23,861.333586
32089.234056,51,861.668203
32010.110852,50,861.688772
33004.688434,51,861.720178
32881.243772,51,861.737445
4611.373743,25,861.748688
32643.04496,52,862.493473
540.533791,18,862.738118
32094.354453,51,863.423162
-1161.253026,14,863.648226
40917.703876,144,865.622201
32136.03397,50,866.349576
-138.742784,17,866.592013
32764.425616,51,867.275511
32573.219348,50,867.949921
32470.544893,51,868.654581
3361.092087,23,868.980753
138.950768,17,869.235754
6839.528655,28,869.812671
32560.905982,52,870.5049
33235.865553,51,871.199133
33054.481853,52,871.933528
32890.980391,52,872.689246
5709.950118,26,873.083355
33071.067651,51,873.864421
32693.549426,52,874.625294
31512.414106,73,875.809619
54745.522804,194,876.259828
32885.178735,52,876.282562
-452.104732,16,876.292795
1819.886938,20,876.30341
13410.416529,37,876.324565
33290.212647,53,877.0963
15917.946513,40,877.679871
31762.520144,51,878.444667
32589.75216,51,879.15063
13823.065483,38,879.687558
32385.801408,50,880.36658
32761.780409,52,881.100062
33143.442599,51,881.790997
32447.94433,51,882.483888
43228.502027,162,884.803241
33565.29688,52,885.520331
33003.70802,52,886.25181
5896.752124,26,886.642001
32477.434024,51,887.357208
12548.500867,36,887.85678
33114.683229,51,888.517856
2943.260592,21,888.806728
31370.722544,75,889.859048
32259.512932,51,890.424505
70706.435989,233,890.577089
32955.821065,51,890.608218
32077.059588,51,890.637654
32399.893232,51,890.65724
32730.948185,52,891.414721
46078.620535,168,893.711723
32503.465223,51,894.424046
1987.840369,21,894.747228
31866.305436,51,895.491949
33246.727342,52,896.195653
32669.957756,51,896.985525
32724.534584,51,897.727158
32597.709088,50,898.506791
35914.19881,121,900.188965
32034.634215,51,900.931765
709.704876,18,901.195302
32892.546561,51,901.902067
33067.329322,52,902.667948
33500.069721,51,903.409402
33141.18158,52,904.184487
32451.710873,51,904.918406
97320.414985,277,905.123689
32779.159486,50,905.152194
3960.63394,23,905.167783
32869.566221,51,905.195184
97852.354526,277,905.366757
39382.150097,145,907.563511
32290.509816,51,908.306222
31775.70458,58,909.106284
51878.733936,183,911.588592
32868.646281,51,912.32663
13832.859491,38,912.849497
33642.318076,52,913.587609
33053.586217,52,914.312077
32806.023452,52,915.075668
33608.749103,52,915.800105
33840.502678,52,916.515396
7144.413402,29,916.958838
32483.885236,52,917.710199
31566.988056,51,919.62033
33055.793883,51,919.648318
32949.03365,51,919.672579
32265.129245,52,919.691107
32557.335087,51,919.72368
-234.467466,9,919.86611
32681.151152,51,920.638327
32377.341339,87,921.956879
32377.422379,51,922.700367
32767.048958,51,923.387031
33150.664815,52,924.112443
-1604.643148,14,924.29595
32620.152031,51,924.988668
10241.772911,33,925.447917
31445.053778,65,926.355646
7125.247163,28,926.755017
32806.01502,52,927.470924
32650.548552,51,928.196875
32963.220336,51,928.902851
32813.95534,51,929.608499
33185.668271,52,930.46414
33001.911833,51,931.337881
32198.132905,51,932.368283
32451.535792,50,933.163319
31626.474312,51,933.966322
32401.21521,51,934.651938
146266.202524,352,934.824481
10567.942676,33,934.842741
32096.430814,51,934.873531
148971.542376,350,935.020838
37460.324519,134,937.313635
33143.155875,52,938.033405
32355.499732,50,938.781139
8868.182184,31,939.291233
32838.908463,51,940.012158
32069.033529,51,940.745885
32312.25764,51,941.508017
5646.638753,27,941.914251
32925.724099,50,942.659958
5989.486328,27,943.07732
33318.235368,51,943.82005
32774.712718,51,944.523726
53265.731401,188,947.155447
1193.3963,19,947.452153
33437.646278,113,948.97769
32997.184076,52,949.752237
32648.353485,52,949.810806
33234.123956,51,949.826189
32860.046775,51,949.854512
32579.217819,51,949.877609
252541.271636,465,950.093472
32169.05014,54,950.891426
32493.792347,50,951.566501
33329.389819,51,952.269817
32772.053189,52,953.001591
-339.145775,16,953.272085
-40.106473,16,953.504418
8305.551963,31,953.942288
33560.344753,53,954.653171
33926.897398,52,955.346482
32386.537518,51,956.043339
32394.416808,50,956.785932
33516.364283,52,957.554314
32377.949474,51,958.258437
32480.679835,51,958.981153
34259.979113,52,959.736428
33724.519606,52,960.471691
3523.659485,23,960.788768
32169.962921,50,961.525053
33163.003166,51,962.267771
33251.217095,51,963.048462
32499.353364,51,963.801351
3875.084706,23,964.141677
32455.992387,51,964.447297
13610.705365,37,964.46525
33248.194103,51,964.488183
77794.940792,245,964.602409
33090.599461,50,964.627243
33134.763769,52,965.354514
32025.639847,51,966.047788
32539.585647,51,966.761208
33156.600679,51,967.467746
32724.821897,51,968.181526
32445.783781,51,968.912762
15794.712977,41,969.556955
4867.873933,25,969.919993
32917.730772,51,970.673643
32372.801227,51,971.465534
2277.756043,21,971.781216
33360.418423,52,972.524007
33185.130854,51,973.270192
32394.596916,50,973.963429
30229.371427,75,975.03715
32069.688463,51,975.722851
32274.223635,51,976.477453
30974.628802,75,977.572819
32513.066257,51,978.233878
17258.940165,42,978.836606
33659.354969,52,978.960173
33006.131087,51,979.003413
32427.908891,50,979.051273
31964.982177,50,979.071136
33045.157298,51,979.108388
32710.35341,54,979.875926
4528.023146,25,980.234132
33306.844982,52,980.998059
33775.177329,52,981.733563
31726.097195,51,982.491886
31900.790717,51,983.197145
33251.261076,51,983.925925
13019.216419,36,984.466664
33473.079453,52,985.265827
264.981428,17,985.501343
824.112372,18,985.807188
32579.52594,51,986.558903
30630.736296,67,987.58342
33388.776692,52,988.316983
32504.266863,50,989.05951
32676.296104,50,989.750409
32541.413496,51,990.484919
32981.315076,51,991.188672
32587.179451,51,991.923081
31958.645694,50,992.646458
33993.982433,52,993.402961
33326.693134,51,993.648803
6389.812245,27,993.661177
33033.192884,50,993.687163
32766.044871,50,993.711501
12002.671749,35,993.731651
32878.976341,52,994.467921
32592.026033,51,995.175592
32860.52925,51,995.944117
2684.011128,21,996.252833
32531.95154,51,996.946836
32697.716481,51,997.649958
31488.279721,74,998.724309
37754.523043,136,1000.55113
32122.219205,51,1001.303361
33001.748777,52,1002.050045
32513.61426,51,1002.754266
33368.898477,51,1003.448829
62903.583128,214,1006.558953
32869.503171,51,1007.30023
22030.281944,48,1008.003013
31987.831581,50,1008.031541
32014.992554,50,1008.054078
312020.306411,511,1008.317141
32325.138995,51,1008.355844
32754.115183,55,1009.191428
33197.069721,51,1009.888273
32498.836292,50,1010.634994
6969.545483,28,1011.014787
32507.810696,51,1011.7198
32613.628732,50,1012.42354
33715.821982,52,1013.139897
32718.570539,50,1013.843275
32944.80568,51,1014.567219
32348.50132,51,1015.260871
32984.391987,51,1015.963962
44886.135414,163,1018.254248
42050.89467,155,1020.435649
32835.438229,52,1021.181841
18012.314484,43,1021.784189
18189.187415,43,1022.398038
32393.73049,50,1022.490402
33503.893985,52,1022.514249
33298.867458,51,1022.542737
32728.147922,51,1022.571155
32049.74972,51,1022.593817
32331.740478,51,1023.322476
32777.623535,50,1024.025445
32853.817319,52,1024.774469
32308.579363,51,1025.466994
32991.2136,51,1026.167883
18539.622501,44,1026.849083
31720.730083,51,1027.627572
32690.166609,51,1028.383623
33258.779269,51,1029.135397
33431.884476,51,1029.857576
41891.568839,153,1032.05868
920.281847,18,1032.314025
32941.883658,52,1033.082068
35248.94873,120,1034.743343
33068.972753,51,1035.439315
32560.960484,51,1036.217954
32501.577575,50,1036.968527
33027.340435,51,1037.028413
33037.172022,50,1037.055197
32193.524281,50,1037.081869
76343.217656,242,1037.225206
32839.65258,51,1037.263322
32728.696593,53,1037.993966
32765.52903,51,1038.782321
9782.632491,32,1039.267436
33322.377905,51,1039.954103
33712.372761,52,1040.710154
31821.427588,51,1041.437166
57909.770762,200,1044.277485
33488.896299,53,1045.046574
33164.053736,52,1045.814481
32833.83685,50,1046.518629
66680.644111,221,1049.557171
9279.358132,31,1050.00539
2434.534837,21,1050.349766
32709.239618,50,1051.609323
32271.959696,51,1051.639619
32898.812021,52,1051.672649
50494.120423,182,1051.757745
32910.283275,50,1051.788909
32835.676745,51,1052.551497
32667.177706,51,1053.298784
32739.261292,50,1054.071612
4325.132755,24,1054.459562
52192.313612,185,1057.044522
32373.075361,50,1057.741668
32372.375474,50,1058.427714
32942.105753,52,1059.170928
32065.766223,51,1059.905451
33710.071196,52,1060.679219
62286.852049,214,1063.679722
-1541.514937,14,1063.880874
33520.833549,52,1064.598689
32780.854031,51,1065.333169
31725.259111,51,1066.015661
33229.158961,52,1066.074615
33186.494219,52,1066.106905
32748.087837,52,1066.138527
32836.921703,51,1066.163032
33164.125261,51,1066.191357
32900.510502,54,1066.941212
31946.092752,51,1067.625774
32459.396561,50,1068.32004
32533.068479,51,1069.016465
66660.323785,226,1072.366508
32033.440883,51,1073.139407
33421.86051,52,1073.874584
298.556154,18,1074.16721
32718.335872,52,1074.926556
10103.997117,33,1075.405837
32702.096448,51,1076.179564
55233.117925,194,1078.836746
33432.442678,52,1079.603401
33824.03317,52,1080.337489
33090.91133,52,1080.544546
32706.386921,51,1080.575161
32870.49767,51,1080.596157
20346.419089,46,1080.62597
4539.420285,24,1080.637531
32990.620003,52,1081.392399
32523.558439,51,1082.088406
32561.251859,51,1082.802823
32233.53444,51,1083.51449
32493.564421,51,1084.230319
33206.443308,51,1084.961777
32645.623336,51,1085.694791
33534.477242,51,1086.385718
8317.399458,30,1086.839048
17603.792022,43,1087.481371
32948.634474,52,1088.278481
32787.304001,51,1089.031491
33607.378005,52,1089.776128
44011.410133,161,1092.050665
33578.832524,52,1092.766217
33212.37485,51,1095.020425
32154.037881,50,1095.049381
33163.580687,51,1095.071332
45594.853435,167,1095.167349
33319.293486,51,1095.195001
31556.383247,53,1095.96618
33489.316421,53,1096.808481
9061.972223,31,1097.218372
33227.869219,51,1097.948838
31905.511745,50,1098.638414
32626.221517,51,1099.336052
31795.631221,50,1100.038166
40724.920261,147,1102.144018
32802.765919,51,1102.874805
32788.130418,51,1103.635794
33156.583772,51,1104.446558
33306.725554,52,1105.262345
32992.430574,52,1105.976005
33315.516181,51,1106.745576
33342.339819,51,1109.707111
13810.67145,37,1109.727648
827.083402,18,1109.737882
33438.377618,51,1109.76277
32819.527766,52,1109.791858
33309.421574,53,1110.537673
33334.736346,51,1111.241003
32072.718326,50,1111.975196
32882.673422,51,1112.732689
33073.972612,51,1113.436471
83138.796142,255,1117.164295
31951.538328,50,1117.9167
32562.878523,52,1118.659341
101344.909401,284,1122.688022
31733.333887,51,1123.442679
32799.48533,50,1124.160143
33820.118824,52,1124.220595
7392.597832,29,1124.232888
32761.043322,51,1124.262029
33633.392668,51,1124.29258
32779.691239,50,1124.31607
32066.68384,51,1125.028379
31859.49985,50,1125.734451
31750.065381,51,1126.481638
4542.582189,24,1126.851208
-1654.810263,14,1127.065037
32705.556178,51,1127.792223
32565.65015,52,1128.516688
31999.903704,51,1129.209606
56422.790841,201,1131.999035
33281.119119,51,1132.765498
32530.987455,51,1133.610978
33226.574016,52,1134.367967
32920.011132,51,1135.089707
32165.202992,51,1138.818095
32525.714286,51,1138.848623
32745.946635,52,1138.881498
33849.166237,52,1138.911839
32182.68252,51,1138.946347
32641.115325,51,1139.714522
46958.812781,172,1142.168809
11314.875571,34,1142.657027
32586.700273,51,1143.408931
31927.238464,50,1144.144825
32136.245551,51,1144.860648
2595.023817,21,1145.254959
10833.066215,33,1145.743996
33597.158722,52,1146.475246
33354.125594,51,1147.21049
117826.948817,313,1151.611355
32983.282698,52,1152.34867
5753.033531,27,1152.739117
9675.45436,32,1153.218526
33152.969308,52,1153.391364
32749.234101,51,1153.411482
141752.200492,351,1153.575333
145344.915829,350,1153.725961
145.765825,17,1153.736095
32670.626648,52,1154.441225
32534.397172,51,1155.187203
33297.221411,51,1155.900267
32800.472998,51,1156.644085
418.014572,18,1156.91979
31861.641973,50,1157.592467
32149.829446,51,1158.324128
32419.701944,51,1159.117527
33459.297611,51,1159.868342
8406.375991,31,1160.356657
136340.509243,335,1165.242696
32492.736476,50,1165.969894
31708.59882,51,1166.716428
32900.970675,52,1167.448265
32449.909556,50,1168.222237
33257.577014,52,1168.395173
32636.12005,51,1168.423772
32984.395907,51,1168.454562
32526.919943,52,1168.485839
32223.090848,51,1168.515096
32540.16895,52,1169.283756
32726.412939,51,1170.058847
-1264.269436,15,1170.35144
1005.09487,19,1170.637219
32398.900487,52,1171.378306
-1731.631679,13,1171.592268
33540.608371,51,1172.385372
32226.508617,50,1173.102029
31630.921301,50,1173.805815
166534.998472,376,1179.178569
33089.304082,52,1179.910781
31811.089386,51,1180.63755
33643.967172,51,1181.41463
2853.249792,21,1181.727065
32827.781508,51,1182.507136
32414.623355,50,1183.217399
31898.53582,51,1183.249664
32764.604098,52,1183.279634
256951.463054,462,1183.553982
31929.308024,51,1183.584842
33058.236418,52,1184.348009
32791.303701,52,1185.121541
32802.320488,52,1185.87768
32212.308811,51,1186.635778
32225.94198,51,1187.379735
32306.757606,52,1188.156201
32742.016911,52,1188.900712
32745.007172,52,1189.669467
48572.841037,181,1192.232093
32614.551775,51,1192.975786
32101.397911,51,1193.713206
31783.367186,50,1194.417809
32648.473881,51,1195.132557
32459.374011,51,1195.820651
-211.321698,16,1196.073865
32686.140185,50,1196.772165
33224.315601,52,1197.541061
32770.648229,51,1198.08235
32524.879544,50,1198.102664
32760.710073,52,1198.128521
33369.28055,51,1198.156631
196192.672465,405,1198.350428
31391.403924,53,1199.136357
32462.2571,50,1199.850929
33590.366471,52,1200.608676
-1846.839523,13,1200.811861
102516.489537,290,1204.9339
-1204.474671,15,1205.165795
1553.940688,19,1205.450381
32603.299537,51,1206.229261
32352.833506,52,1207.023811
33428.451244,51,1207.788574
32542.625035,51,1208.523856
33034.640841,51,1209.237996
31738.805092,50,1209.966901
32799.120421,51,1210.660388
32629.619191,50,1211.428952
32676.336113,52,1212.205404
6119.392917,27,1212.948303
32300.99728,50,1212.97194
32598.110202,51,1213.003234
32731.867494,51,1213.029
32927.457187,52,1213.056668
104775.219825,294,1217.295705
32843.972821,51,1218.030136
32443.878687,52,1218.773086
32559.500593,50,1219.477659
-597.480443,15,1219.715
32691.523035,50,1220.409133
32668.484152,52,1221.196619
32901.275487,52,1221.940247
32819.357759,51,1222.706889
31872.072099,50,1223.418635
33363.149869,52,1224.184361
32342.897446,50,1224.912204
32431.821641,52,1225.61818
32434.133787,51,1226.406208
86566.272852,270,1227.717288
2638.699434,22,1227.727636
32376.598027,51,1227.750434
1070.271314,19,1227.751528
32475.986223,52,1227.785972
33344.674035,53,1228.571537
33156.81391,52,1229.332358
31751.343616,51,1230.108736
32963.100234,51,1230.836559
32772.262598,51,1231.585306
32480.049796,52,1232.340945
32560.118011,50,1233.086107
32738.235653,52,1233.833477
32258.358399,51,1234.623657
31896.918916,50,1235.36881
33129.192953,52,1236.166383
-232.236266,17,1236.447788
141593.794867,348,1241.42131
33368.939244,51,1242.185934
32965.862397,52,1242.494153
33171.475928,52,1242.530001
122151.666451,322,1242.688189
32365.496722,52,1242.712939
33445.702047,52,1242.739724
32695.932408,53,1243.507828
31982.062432,51,1244.251471
33251.713842,52,1245.030526
32588.088468,50,1245.757946
32888.396126,51,1246.525095
33181.310474,52,1247.30407
33154.234656,52,1248.105899
105190.234448,304,1252.687735
32753.621738,51,1253.420346
74136.236456,243,1256.86704
108591.273182,303,1257.6439
33233.533233,52,1257.672877
33187.378037,51,1257.697379
32891.971964,51,1257.725332
32454.587471,52,1257.753663
227.642091,9,1257.899083
32192.290405,51,1258.617693
33117.606586,52,1259.414557
32030.835958,51,1260.139133
7263.508783,29,1260.568256
53641.202991,195,1263.414441
33210.097996,51,1264.154993
32997.264008,51,1264.940133
33149.81643,51,1265.742874
32534.785514,52,1266.476377
32277.355039,50,1267.213356
126867.965085,325,1272.041366
104889.194599,298,1272.69331
32538.279082,50,1272.713584
31787.374784,51,1272.736465
104207.513609,298,1272.868031
32218.850765,51,1272.896933
32618.153673,52,1273.592176
48433.047152,180,1276.232623
33144.912354,51,1277.005666
32791.388999,51,1277.700949
32495.020507,50,1278.422472
33318.606554,52,1279.130467
88566.076759,270,1283.035905
896.439272,18,1283.30064
32325.186024,51,1284.086491
32753.735825,52,1287.343155
32575.170936,52,1287.363651
33058.681764,51,1287.392301
33689.269542,52,1287.418704
150615.539742,353,1287.58894
31484.593782,52,1288.404305
123660.662306,328,1293.307368
32365.93248,50,1294.030143
32605.09758,51,1294.803237
32945.163182,51,1295.528301
4038.35347,23,1295.905087
31870.296997,51,1296.63008
83445.87348,258,1300.475425
33384.403996,51,1301.290135
32554.744621,51,1302.089233
32186.901753,51,1302.6689
74427.862678,248,1302.792109
32383.812734,51,1302.822838
31843.177347,50,1302.853644
33294.579661,51,1302.882787
32308.609038,52,1303.680688
32630.768374,50,1304.426225
32823.275804,51,1305.155622
33115.23575,51,1305.892817
2585.613806,22,1306.230726
32376.620184,50,1306.958443
33373.908464,52,1307.693933
6318.150803,28,1308.107646
32882.191606,51,1308.825523
32680.521946,52,1309.560428
32716.287042,51,1310.252306
32597.456346,52,1311.038783
33049.206429,51,1311.776148
31932.785152,50,1312.512133
33214.801293,52,1313.256687
32547.143737,51,1314.024905
31503.50923,50,1314.757189
32526.77325,51,1315.52944
4675.756953,25,1315.883742
33385.782749,52,1316.680769
33211.84086,52,1317.534534
311043.819929,509,1317.857982
33607.761841,52,1317.884346
32666.171165,51,1317.90991
33161.113034,51,1317.932661
32123.272151,51,1317.958957
32616.790766,51,1318.745953
33165.654124,52,1319.543886
33188.7013,52,1320.273588
147502.436812,353,1325.319098
32207.994006,51,1326.043614
32585.217641,51,1326.766556
128348.549309,327,1331.518456
32176.081746,51,1332.233941
31742.359777,51,1332.439728
33140.08244,52,1332.468019
33012.777102,51,1332.490762
32239.547395,51,1332.521842
33130.186881,51,1332.550363
32377.19876,52,1333.294106
111066.72493,306,1337.854102
69364.422825,235,1341.365646
6636.57619,28,1341.771316
32352.526426,51,1342.477482
32872.096196,51,1343.192983
32877.2923,52,1343.947925
31751.32544,51,1347.18145
32582.13155,52,1347.200574
32230.577173,51,1347.233629
33392.861317,51,1347.255622
-130.483513,16,1347.267861
478.662552,10,1347.424842
33647.707244,52,1348.179487
32150.02681,51,1348.884709
32946.520085,50,1349.630538
32575.782405,51,1350.391873
33296.854537,51,1351.148808
33734.944566,52,1351.883612
189.364321,17,1352.158942
32699.532683,52,1352.892423
33435.000335,52,1353.628614
9254.878168,32,1354.076343
31976.117076,51,1354.803776
33371.365689,51,1355.558017
33450.275866,51,1356.295303
32796.435993,50,1357.009921
32015.043066,51,1357.816845
32500.11635,51,1358.618414
32188.291916,51,1359.40946
32392.732593,50,1360.1418
32226.046199,51,1360.926588
32370.283245,51,1362.028082
32370.84728,51,1362.062176
118483.3638,321,1362.249921
33271.63539,51,1362.276399
33299.902104,51,1362.306525
368.964749,10,1362.458784
33369.817304,52,1363.172069
33528.787617,52,1363.91979
32881.812986,51,1364.623939
32603.598447,51,1365.352066
154767.192582,363,1370.742442
4738.952012,25,1371.122752
32779.925256,52,1371.887949
8365.772512,30,1372.336873
32345.954023,51,1373.085052
32956.822274,51,1376.809531
33366.441169,52,1376.840438
32508.66823,51,1376.867059
33046.936491,52,1376.892479
32915.499798,52,1376.923386
32777.233476,53,1377.728844
33279.176138,52,1378.504562
86889.229477,266,1382.498865
32337.460601,51,1383.37087
32856.659904,52,1384.19751
32123.251991,50,1384.926516
33526.424688,52,1385.682611
13487.363042,37,1386.206096
31880.10449,51,1386.983455
32562.226234,51,1387.720499
32838.122931,51,1391.827297
31593.776009,50,1391.85195
32787.891098,51,1391.877971
5525.474728,26,1391.888601
141695.08954,348,1392.052941
31572.277531,52,1392.799377
32771.147781,51,1393.524441
32560.751206,52,1394.308851
32760.036347,51,1395.031874
9021.484215,31,1395.522882
32588.579766,51,1396.306244
32620.763301,50,1397.038966
124951.696527,322,1401.784531
33168.278578,51,1402.576033
85781.019197,269,1407.003937
32649.881966,51,1407.035507
84844.547168,270,1407.176169
348.28515,18,1407.186284
62.342709,17,1407.196388
32259.083662,53,1408.088208
33096.630097,51,1408.931849
33870.464013,52,1409.719396
32819.761024,51,1410.555017
33266.7929,51,1411.35567
31545.817321,50,1412.147955
31669.93018,51,1412.922577
32632.630851,50,1413.751715
126792.415092,327,1418.547243
33048.220589,52,1419.312748
32535.137665,52,1420.067794
32511.513794,51,1420.841569
1665.656138,20,1421.137547
32616.259167,51,1421.86309
33375.206483,51,1422.453097
32232.651597,51,1422.487042
32693.504806,51,1422.514891
32836.214885,51,1422.545666
32495.360628,52,1422.570406
107684.000524,308,1427.15728
33072.962565,52,1427.947072
32493.397452,51,1428.702564
32244.655042,50,1429.456105
94615.947529,279,1433.5713
33070.913281,51,1434.384799
32472.345098,52,1435.164862
32534.427739,51,1435.892083
32482.767609,50,1437.516695
32099.983658,51,1437.547612
32539.855361,51,1437.575534
58443.198533,211,1437.671995
32230.396471,52,1437.704026
31064.660381,53,1438.467379
32561.326841,52,1439.242392
31747.09002,51,1439.967169
126731.10851,328,1444.872081
32575.386352,52,1445.694675
32806.605273,51,1446.448918
32975.41636,51,1447.270938
32789.496687,52,1448.125335
32749.901339,51,1448.96147
32705.316027,52,1449.768895
33155.559071,52,1450.521393
32415.869161,51,1451.272431
32383.315297,52,1452.018611
20341.280893,46,1452.703572
32450.140872,52,1452.825531
32694.651239,50,1452.855819
32576.686254,50,1452.876537
32516.689898,52,1452.909072
32466.828039,50,1452.935675
31863.985125,52,1453.681055
33119.41079,52,1454.434081
33108.384132,51,1455.191568
32777.565842,52,1455.990162
32751.774427,51,1456.736141
33159.027641,51,1457.510293
32639.988095,51,1458.225607
32232.269817,51,1458.960298
32546.458267,51,1459.734344
32288.150629,51,1460.452238
32555.828193,52,1461.208156
32345.076743,51,1462.008301
33043.10074,51,1462.733951
33545.915531,53,1463.521205
32448.689239,51,1464.24497
32581.062755,52,1465.009906
32752.405066,52,1465.764255
32248.882591,51,1466.519687
32283.966734,52,1467.274643
31695.726068,51,1467.64174
88372.277517,269,1467.793357
32309.370471,51,1467.821856
32356.450642,52,1467.853815
88347.162223,269,1467.985737
